2026-04-14T23:53:49.317Z [INFO] [EventsGateway] EventsGateway initialized
2026-04-14T23:53:49.330Z [INFO] [EventFanoutService] Redis Subscriber Connected
2026-04-14T23:54:58.149Z [ERROR] [EventsGateway] Client connected without token {"clientId":"VMUMB6_e2UyNYvmqAAAB"}
2026-04-14T23:54:58.171Z [ERROR] [EventsGateway] Client connected without token {"clientId":"He-XlfMHSTV08VBFAAAD"}
2026-04-14T23:54:58.183Z [ERROR] [EventsGateway] Client connected without token {"clientId":"qnS41lU9vy9P_dD6AAAF"}
2026-04-14T23:54:58.198Z [ERROR] [EventsGateway] Client connected without token {"clientId":"rky7rwGv5PW4qxheAAAH"}
2026-04-14T23:54:58.214Z [ERROR] [EventsGateway] Client connected without token {"clientId":"mTVs3Ujzuz9ZsH_qAAAJ"}
2026-04-14T23:54:58.228Z [ERROR] [EventsGateway] Client connected without token {"clientId":"FoDlW38z7RUMVSQOAAAL"}
2026-04-14T23:54:58.243Z [ERROR] [EventsGateway] Client connected without token {"clientId":"rG9fgA9dhrXLI9TsAAAN"}
2026-04-14T23:54:58.257Z [ERROR] [EventsGateway] Client connected without token {"clientId":"XRd8ujRdCGEMGUhnAAAP"}
2026-04-14T23:54:58.272Z [ERROR] [EventsGateway] Client connected without token {"clientId":"GAeiRidtZXJS2zW0AAAR"}
2026-04-14T23:54:58.284Z [ERROR] [EventsGateway] Client connected without token {"clientId":"J_THsvHRr_YHAa4-AAAT"}
2026-04-14T23:54:58.299Z [ERROR] [EventsGateway] Client connected without token {"clientId":"2cpp3Mh52Riky_KPAAAV"}
2026-04-14T23:54:58.316Z [ERROR] [EventsGateway] Client connected without token {"clientId":"njUqlD-nValImzRlAAAX"}
2026-04-14T23:54:58.331Z [ERROR] [EventsGateway] Client connected without token {"clientId":"Sj6Vhb_ikkZ1PwHnAAAZ"}
2026-04-14T23:54:58.345Z [ERROR] [EventsGateway] Client connected without token {"clientId":"e4jeUA0sZR5PKkRmAAAb"}
2026-04-14T23:54:58.359Z [ERROR] [EventsGateway] Client connected without token {"clientId":"au5wPLUF6ZMXcHO1AAAd"}
2026-04-14T23:54:58.373Z [ERROR] [EventsGateway] Client connected without token {"clientId":"wk395luFfmpzkwKhAAAf"}
2026-04-14T23:54:58.386Z [ERROR] [EventsGateway] Client connected without token {"clientId":"ef3DfSO9le5t6xwXAAAh"}
2026-04-14T23:54:58.403Z [ERROR] [EventsGateway] Client connected without token {"clientId":"2YIcJmxEuLGzwRIhAAAj"}
2026-04-14T23:54:58.419Z [ERROR] [EventsGateway] Client connected without token {"clientId":"Dzz7k2yhsbhLv8oZAAAl"}
2026-04-14T23:54:58.436Z [ERROR] [EventsGateway] Client connected without token {"clientId":"_Pjgau3_LnO3V6cNAAAn"}
2026-04-14T23:54:58.453Z [ERROR] [EventsGateway] Client connected without token {"clientId":"Y-9-IWJtAdWrez3uAAAp"}
2026-04-14T23:54:58.467Z [ERROR] [EventsGateway] Client connected without token {"clientId":"SOFnVvJ0xDQZftnFAAAr"}
2026-04-14T23:54:58.487Z [ERROR] [EventsGateway] Client connected without token {"clientId":"YcS6zMvEAomXhXCgAAAt"}
2026-04-14T23:54:58.500Z [ERROR] [EventsGateway] Client connected without token {"clientId":"aqnhApq76zjAr2DUAAAv"}
2026-04-14T23:54:58.515Z [ERROR] [EventsGateway] Client connected without token {"clientId":"nWMvQNWoqfyZq7i2AAAx"}
2026-04-14T23:54:58.528Z [ERROR] [EventsGateway] Client connected without token {"clientId":"LsKxTWak8KzV1H52AAAz"}
2026-04-14T23:54:58.543Z [ERROR] [EventsGateway] Client connected without token {"clientId":"FB7pWjMsSLcJAPRgAAA1"}
2026-04-14T23:54:58.556Z [ERROR] [EventsGateway] Client connected without token {"clientId":"gmTSZ_AWOxG0iWNYAAA3"}
2026-04-14T23:54:58.570Z [ERROR] [EventsGateway] Client connected without token {"clientId":"6ImDTztqYDKAynRjAAA5"}
2026-04-14T23:54:58.586Z [ERROR] [EventsGateway] Client connected without token {"clientId":"F6GYqciWDJMtd9WJAAA7"}
2026-04-14T23:54:58.601Z [ERROR] [EventsGateway] Client connected without token {"clientId":"s_1-MIif7DILsX7bAAA9"}
2026-04-14T23:54:58.616Z [ERROR] [EventsGateway] Client connected without token {"clientId":"NKMhuPke_dr7mjQ0AAA_"}
2026-04-14T23:54:58.632Z [ERROR] [EventsGateway] Client connected without token {"clientId":"70Dy_kylKspXz2WjAABB"}
2026-04-14T23:54:58.648Z [ERROR] [EventsGateway] Client connected without token {"clientId":"AX_77FqrxDiqfHVAAABD"}
2026-04-14T23:54:58.663Z [ERROR] [EventsGateway] Client connected without token {"clientId":"Tj2WwTi6x_O0SM0SAABF"}
2026-04-14T23:54:58.680Z [ERROR] [EventsGateway] Client connected without token {"clientId":"B_QQ4R8tYlbqTdr6AABH"}
2026-04-14T23:54:58.693Z [ERROR] [EventsGateway] Client connected without token {"clientId":"NszGkwDpvUIXQgcdAABJ"}
2026-04-14T23:54:58.707Z [ERROR] [EventsGateway] Client connected without token {"clientId":"I-Zx-JD2NauOIHB9AABL"}
2026-04-14T23:54:58.723Z [ERROR] [EventsGateway] Client connected without token {"clientId":"xGFNuNlwTJGF5mqUAABN"}
2026-04-14T23:54:58.740Z [ERROR] [EventsGateway] Client connected without token {"clientId":"IOGgkV1RJB5Uox5jAABP"}
2026-04-14T23:54:58.755Z [ERROR] [EventsGateway] Client connected without token {"clientId":"_Y0iFCj-186F9L5lAABR"}
2026-04-14T23:54:58.771Z [ERROR] [EventsGateway] Client connected without token {"clientId":"npxuxwQY4_VCYkDIAABT"}
2026-04-14T23:54:58.788Z [ERROR] [EventsGateway] Client connected without token {"clientId":"lElfR0pQ9h6C2gL4AABV"}
2026-04-14T23:54:58.805Z [ERROR] [EventsGateway] Client connected without token {"clientId":"ovKr1YFPunMdJZzsAABX"}
2026-04-14T23:54:58.821Z [ERROR] [EventsGateway] Client connected without token {"clientId":"AUC_h1xXUom-auFcAABZ"}
2026-04-14T23:54:58.837Z [ERROR] [EventsGateway] Client connected without token {"clientId":"FtujXdt8GZ6Q4SLMAABb"}
2026-04-14T23:54:58.854Z [ERROR] [EventsGateway] Client connected without token {"clientId":"Cx1DxvyyXDgesyZ8AABd"}
2026-04-14T23:54:58.869Z [ERROR] [EventsGateway] Client connected without token {"clientId":"u4oHb8_uxEEcuqNEAABf"}
2026-04-14T23:54:58.888Z [ERROR] [EventsGateway] Client connected without token {"clientId":"RMg0ZdA86s1Gp2ZpAABh"}
2026-04-14T23:54:58.902Z [ERROR] [EventsGateway] Client connected without token {"clientId":"kSuC3QvyRT8xN1JaAABj"}
2026-04-14T23:54:58.918Z [ERROR] [EventsGateway] Client connected without token {"clientId":"SgHg8a706CHKZ0msAABl"}
2026-04-14T23:54:58.933Z [ERROR] [EventsGateway] Client connected without token {"clientId":"JW3qNUZ8XvBjkq-0AABn"}
2026-04-14T23:54:58.947Z [ERROR] [EventsGateway] Client connected without token {"clientId":"6X3g_sXuKlIVQURXAABp"}
2026-04-14T23:54:58.962Z [ERROR] [EventsGateway] Client connected without token {"clientId":"YiHSg81hZoJSWPj7AABr"}
2026-04-14T23:54:58.974Z [ERROR] [EventsGateway] Client connected without token {"clientId":"8ksvQkfv-8evJnpmAABt"}
2026-04-14T23:54:58.989Z [ERROR] [EventsGateway] Client connected without token {"clientId":"yp0cVLWizSUpvJYGAABv"}
2026-04-14T23:54:59.005Z [ERROR] [EventsGateway] Client connected without token {"clientId":"Dn4JYrgI0Pq-K1PTAABx"}
2026-04-14T23:54:59.020Z [ERROR] [EventsGateway] Client connected without token {"clientId":"BiHfQaoZB8nTWMz6AABz"}
2026-04-14T23:54:59.034Z [ERROR] [EventsGateway] Client connected without token {"clientId":"8aNmB054wcXCtrLmAAB1"}
2026-04-14T23:54:59.049Z [ERROR] [EventsGateway] Client connected without token {"clientId":"g6t4VEnKEw9SpS7oAAB3"}
2026-04-14T23:54:59.065Z [ERROR] [EventsGateway] Client connected without token {"clientId":"lErs1EV8Neb43KEIAAB5"}
2026-04-14T23:54:59.082Z [ERROR] [EventsGateway] Client connected without token {"clientId":"FX8uA8ktK42mpvT8AAB7"}
2026-04-14T23:54:59.098Z [ERROR] [EventsGateway] Client connected without token {"clientId":"FQayYGrOFDc5dbKAAAB9"}
2026-04-14T23:54:59.114Z [ERROR] [EventsGateway] Client connected without token {"clientId":"jYfl6LHLTKM16luQAAB_"}
2026-04-14T23:54:59.131Z [ERROR] [EventsGateway] Client connected without token {"clientId":"XPTaOCxgYwsx-Aw_AACB"}
2026-04-14T23:54:59.143Z [ERROR] [EventsGateway] Client connected without token {"clientId":"iGhDtFu_Lib8f95RAACD"}
2026-04-14T23:54:59.157Z [ERROR] [EventsGateway] Client connected without token {"clientId":"ppX5FvjQlkfqZWuPAACF"}
2026-04-14T23:54:59.172Z [ERROR] [EventsGateway] Client connected without token {"clientId":"p2KeyLMmcxqb33mfAACH"}
2026-04-14T23:54:59.184Z [ERROR] [EventsGateway] Client connected without token {"clientId":"Vve41lrAI5WSJ9cBAACJ"}
2026-04-14T23:54:59.199Z [ERROR] [EventsGateway] Client connected without token {"clientId":"iur2W2JTAV3qu9r8AACL"}
2026-04-14T23:54:59.215Z [ERROR] [EventsGateway] Client connected without token {"clientId":"eMBDq2N3VYcxw_tNAACN"}
2026-04-14T23:54:59.230Z [ERROR] [EventsGateway] Client connected without token {"clientId":"Vv4D0VA2Nd44kMV9AACP"}
2026-04-14T23:54:59.245Z [ERROR] [EventsGateway] Client connected without token {"clientId":"tWyR-ckKr_tllah5AACR"}
2026-04-14T23:54:59.260Z [ERROR] [EventsGateway] Client connected without token {"clientId":"EWkNEQJw4vewn2CJAACT"}
2026-04-14T23:54:59.275Z [ERROR] [EventsGateway] Client connected without token {"clientId":"Hv7JrT5-GTInJKCAAACV"}
2026-04-14T23:54:59.290Z [ERROR] [EventsGateway] Client connected without token {"clientId":"HYHlcWQIcRb6axEuAACX"}
2026-04-14T23:54:59.306Z [ERROR] [EventsGateway] Client connected without token {"clientId":"fQOGfULg8N8BcDH-AACZ"}
2026-04-14T23:54:59.322Z [ERROR] [EventsGateway] Client connected without token {"clientId":"ZBEocX7n7-Eae8ydAACb"}
2026-04-14T23:54:59.339Z [ERROR] [EventsGateway] Client connected without token {"clientId":"IawmFlKOapQTb0IVAACd"}
2026-04-14T23:54:59.355Z [ERROR] [EventsGateway] Client connected without token {"clientId":"QN_AehZrnTr8YDk3AACf"}
2026-04-14T23:54:59.370Z [ERROR] [EventsGateway] Client connected without token {"clientId":"oyl9BeVNkCp7jj9oAACh"}
2026-04-14T23:54:59.387Z [ERROR] [EventsGateway] Client connected without token {"clientId":"2rTSPIP0Yc30WEV4AACj"}
2026-04-14T23:54:59.401Z [ERROR] [EventsGateway] Client connected without token {"clientId":"oq3X9j8bab5xmJbrAACl"}
2026-04-14T23:54:59.416Z [ERROR] [EventsGateway] Client connected without token {"clientId":"ha-05EBg1TY6sSnTAACn"}
2026-04-14T23:54:59.432Z [ERROR] [EventsGateway] Client connected without token {"clientId":"JWOJypN5YWvxqUHcAACp"}
2026-04-14T23:54:59.445Z [ERROR] [EventsGateway] Client connected without token {"clientId":"3a6OHvhPehP5jeYoAACr"}
2026-04-14T23:54:59.460Z [ERROR] [EventsGateway] Client connected without token {"clientId":"jar0DXgbErxo3fbpAACt"}
2026-04-14T23:54:59.475Z [ERROR] [EventsGateway] Client connected without token {"clientId":"eVjGyW_ffR5j2VVfAACv"}
2026-04-14T23:54:59.490Z [ERROR] [EventsGateway] Client connected without token {"clientId":"nFT98FSYbZfoFNuFAACx"}
2026-04-14T23:54:59.507Z [ERROR] [EventsGateway] Client connected without token {"clientId":"kxwsS0tpqJO87o9SAACz"}
2026-04-14T23:54:59.524Z [ERROR] [EventsGateway] Client connected without token {"clientId":"-J989QgOmKVNSDX8AAC1"}
2026-04-14T23:54:59.538Z [ERROR] [EventsGateway] Client connected without token {"clientId":"jeTh8I7rntG6UE24AAC3"}
2026-04-14T23:54:59.554Z [ERROR] [EventsGateway] Client connected without token {"clientId":"qBMDD2gDEBMmGEjXAAC5"}
2026-04-14T23:54:59.570Z [ERROR] [EventsGateway] Client connected without token {"clientId":"_JvmOFAw2YBSFx4MAAC7"}
2026-04-14T23:54:59.584Z [ERROR] [EventsGateway] Client connected without token {"clientId":"LG3h5a1dDSfRrjciAAC9"}
2026-04-14T23:54:59.601Z [ERROR] [EventsGateway] Client connected without token {"clientId":"y2aEdf21HEf1LhxGAAC_"}
2026-04-14T23:54:59.617Z [ERROR] [EventsGateway] Client connected without token {"clientId":"flTK_KY9kPAlzaseAADB"}
2026-04-14T23:54:59.634Z [ERROR] [EventsGateway] Client connected without token {"clientId":"jYTALboOp_j7MkrxAADD"}
2026-04-14T23:54:59.651Z [ERROR] [EventsGateway] Client connected without token {"clientId":"dldAfObXiDJOJUMEAADF"}
2026-04-14T23:54:59.671Z [ERROR] [EventsGateway] Client connected without token {"clientId":"D6Nsj_dZjeVYptr7AADH"}
2026-04-14T23:54:59.686Z [ERROR] [EventsGateway] Client connected without token {"clientId":"LwBkFq-mUNGtuPwCAADJ"}
2026-04-14T23:54:59.703Z [ERROR] [EventsGateway] Client connected without token {"clientId":"fb6iv6fzLmX7Ye7vAADL"}
2026-04-14T23:54:59.719Z [ERROR] [EventsGateway] Client connected without token {"clientId":"q-FIUEsZ7rlgkrHsAADN"}
2026-04-14T23:54:59.733Z [ERROR] [EventsGateway] Client connected without token {"clientId":"PPM5xwkErpZAbb2bAADP"}
2026-04-14T23:54:59.750Z [ERROR] [EventsGateway] Client connected without token {"clientId":"Fdyel1IMIqs9WdxjAADR"}
2026-04-14T23:54:59.767Z [ERROR] [EventsGateway] Client connected without token {"clientId":"d9VkC-x2c1lxXT3LAADT"}
2026-04-14T23:54:59.784Z [ERROR] [EventsGateway] Client connected without token {"clientId":"Il-_2CB6Uqes-CdvAADV"}
2026-04-14T23:54:59.799Z [ERROR] [EventsGateway] Client connected without token {"clientId":"s1pTZhIaNb8uNcoOAADX"}
2026-04-14T23:54:59.817Z [ERROR] [EventsGateway] Client connected without token {"clientId":"Mar7F0HEjXR55ewrAADZ"}
2026-04-14T23:54:59.833Z [ERROR] [EventsGateway] Client connected without token {"clientId":"xJYCEWNA0s4W8A8JAADb"}
2026-04-14T23:54:59.849Z [ERROR] [EventsGateway] Client connected without token {"clientId":"rBOCnoBKyqlOy0mjAADd"}
2026-04-14T23:54:59.863Z [ERROR] [EventsGateway] Client connected without token {"clientId":"lzu_9gLjxx6Fgj0vAADf"}
2026-04-14T23:54:59.879Z [ERROR] [EventsGateway] Client connected without token {"clientId":"e0yIh-UaXDQJ0726AADh"}
2026-04-14T23:54:59.892Z [ERROR] [EventsGateway] Client connected without token {"clientId":"tnUZ8matkNAQTmtLAADj"}
2026-04-14T23:54:59.908Z [ERROR] [EventsGateway] Client connected without token {"clientId":"phyZVGUGeK8wFjAZAADl"}
2026-04-14T23:54:59.923Z [ERROR] [EventsGateway] Client connected without token {"clientId":"zyPqrijU4pWDdYOYAADn"}
2026-04-14T23:54:59.940Z [ERROR] [EventsGateway] Client connected without token {"clientId":"IE7vmeagZ9eYrbwyAADp"}
2026-04-14T23:54:59.954Z [ERROR] [EventsGateway] Client connected without token {"clientId":"XFIzlZrR3bm01wpTAADr"}
2026-04-14T23:54:59.969Z [ERROR] [EventsGateway] Client connected without token {"clientId":"mGybyHtXFAwYdGsQAADt"}
2026-04-14T23:54:59.986Z [ERROR] [EventsGateway] Client connected without token {"clientId":"t3dBTHRBD9gcGmN4AADv"}
2026-04-14T23:55:00.002Z [ERROR] [EventsGateway] Client connected without token {"clientId":"80l256v0fjImFZgRAADx"}
2026-04-14T23:55:00.016Z [ERROR] [EventsGateway] Client connected without token {"clientId":"shLnErrWAGq9qViJAADz"}
2026-04-14T23:55:00.033Z [ERROR] [EventsGateway] Client connected without token {"clientId":"Cx5Ge3Iyq7j-OrA3AAD1"}
2026-04-14T23:55:00.050Z [ERROR] [EventsGateway] Client connected without token {"clientId":"LJvDcsCYIxx5jA5VAAD3"}
2026-04-14T23:55:00.065Z [ERROR] [EventsGateway] Client connected without token {"clientId":"994R5GmirXRg80J-AAD5"}
2026-04-14T23:55:00.081Z [ERROR] [EventsGateway] Client connected without token {"clientId":"WqqOhIIucTYC8YFlAAD7"}
2026-04-14T23:55:00.099Z [ERROR] [EventsGateway] Client connected without token {"clientId":"u23vTsbRSaVuuitKAAD9"}
2026-04-14T23:55:00.116Z [ERROR] [EventsGateway] Client connected without token {"clientId":"awaP8eEdBRV6I0UsAAD_"}
2026-04-14T23:55:00.131Z [ERROR] [EventsGateway] Client connected without token {"clientId":"l_EmIGUzhgHcmpgBAAEB"}
2026-04-14T23:55:00.147Z [ERROR] [EventsGateway] Client connected without token {"clientId":"GJiTLj5SDlV6gsbUAAED"}
2026-04-14T23:55:00.163Z [ERROR] [EventsGateway] Client connected without token {"clientId":"04uCc1q8qYKqXv63AAEF"}
2026-04-14T23:55:00.176Z [ERROR] [EventsGateway] Client connected without token {"clientId":"trO3-HavN7vgkHexAAEH"}
2026-04-14T23:55:00.190Z [ERROR] [EventsGateway] Client connected without token {"clientId":"qRO-jkw9Uf9b5xJTAAEJ"}
2026-04-14T23:55:00.205Z [ERROR] [EventsGateway] Client connected without token {"clientId":"nli3mvfmcoXffzwpAAEL"}
2026-04-14T23:55:00.220Z [ERROR] [EventsGateway] Client connected without token {"clientId":"HFhPKAwxO9IZbZVcAAEN"}
2026-04-14T23:55:00.234Z [ERROR] [EventsGateway] Client connected without token {"clientId":"VG0PE-7loytCSKJ0AAEP"}
2026-04-14T23:55:00.250Z [ERROR] [EventsGateway] Client connected without token {"clientId":"F2DxHYmGgHNQLiqZAAER"}
2026-04-14T23:55:00.266Z [ERROR] [EventsGateway] Client connected without token {"clientId":"2mZctsKCz3cz9ARdAAET"}
2026-04-14T23:55:00.284Z [ERROR] [EventsGateway] Client connected without token {"clientId":"HeWOfWlxlykYZdd8AAEV"}
2026-04-14T23:55:00.300Z [ERROR] [EventsGateway] Client connected without token {"clientId":"UDSYh7F0082B8R_AAAEX"}
2026-04-14T23:55:00.316Z [ERROR] [EventsGateway] Client connected without token {"clientId":"qsqlC_Vd75LJ8xO9AAEZ"}
2026-04-14T23:55:00.332Z [ERROR] [EventsGateway] Client connected without token {"clientId":"QuHwZEkr2h4DjLzlAAEb"}
2026-04-14T23:55:00.349Z [ERROR] [EventsGateway] Client connected without token {"clientId":"v_RPiEWUpaNr7XeSAAEd"}
2026-04-14T23:55:00.366Z [ERROR] [EventsGateway] Client connected without token {"clientId":"1lyDJzy9V1O-FPpcAAEf"}
2026-04-14T23:55:00.385Z [ERROR] [EventsGateway] Client connected without token {"clientId":"K1ykweuVxCa7ey49AAEh"}
2026-04-14T23:55:00.402Z [ERROR] [EventsGateway] Client connected without token {"clientId":"g3WtyfU_5GHl-sCIAAEj"}
2026-04-14T23:55:00.416Z [ERROR] [EventsGateway] Client connected without token {"clientId":"5h2J8cUF5SN8yTaoAAEl"}
2026-04-14T23:55:00.431Z [ERROR] [EventsGateway] Client connected without token {"clientId":"xCbTRzynjVd2EefYAAEn"}
2026-04-14T23:55:00.448Z [ERROR] [EventsGateway] Client connected without token {"clientId":"G18sRnjA1GFkKm_tAAEp"}
2026-04-14T23:55:00.465Z [ERROR] [EventsGateway] Client connected without token {"clientId":"0dy_3a1PKzaHSovTAAEr"}
2026-04-14T23:55:00.479Z [ERROR] [EventsGateway] Client connected without token {"clientId":"ViixV3csgiYiOxXEAAEt"}
2026-04-14T23:55:00.492Z [ERROR] [EventsGateway] Client connected without token {"clientId":"ll26JyL4FKPjueIfAAEv"}
2026-04-14T23:55:00.508Z [ERROR] [EventsGateway] Client connected without token {"clientId":"IL84J-xogvAX8cVVAAEx"}
2026-04-14T23:55:00.524Z [ERROR] [EventsGateway] Client connected without token {"clientId":"RLGwkLI1FjnLrjAeAAEz"}
2026-04-14T23:55:00.542Z [ERROR] [EventsGateway] Client connected without token {"clientId":"7RJ9bDQLUn0ceTq5AAE1"}
2026-04-14T23:55:00.558Z [ERROR] [EventsGateway] Client connected without token {"clientId":"RbIl6m6K12XJ96qXAAE3"}
2026-04-14T23:55:00.574Z [ERROR] [EventsGateway] Client connected without token {"clientId":"hfniYhsJ0o9EKtquAAE5"}
2026-04-14T23:55:00.590Z [ERROR] [EventsGateway] Client connected without token {"clientId":"u0tkxBl6QTceHQ0tAAE7"}
2026-04-14T23:55:00.602Z [ERROR] [EventsGateway] Client connected without token {"clientId":"2KeNYPVAeqhp_O74AAE9"}
2026-04-14T23:55:00.617Z [ERROR] [EventsGateway] Client connected without token {"clientId":"cqhqtUHIyvqIRKxBAAE_"}
2026-04-14T23:55:00.632Z [ERROR] [EventsGateway] Client connected without token {"clientId":"sEXKCYJZ8Zdck9BWAAFB"}
2026-04-14T23:55:00.648Z [ERROR] [EventsGateway] Client connected without token {"clientId":"At_L_gtkm9vGpaQpAAFD"}
2026-04-14T23:55:00.664Z [ERROR] [EventsGateway] Client connected without token {"clientId":"gAotx7v-R8moQWXYAAFF"}
2026-04-14T23:55:00.677Z [ERROR] [EventsGateway] Client connected without token {"clientId":"cKQS0IbkRrM-fKFvAAFH"}
2026-04-14T23:55:00.690Z [ERROR] [EventsGateway] Client connected without token {"clientId":"KGLPcf2ZKrxqzxDXAAFJ"}
2026-04-14T23:55:00.706Z [ERROR] [EventsGateway] Client connected without token {"clientId":"TExjTbSt0w7gzHI3AAFL"}
2026-04-14T23:55:00.722Z [ERROR] [EventsGateway] Client connected without token {"clientId":"NeTp8LwcS_BqEw3EAAFN"}
2026-04-14T23:55:00.737Z [ERROR] [EventsGateway] Client connected without token {"clientId":"1xnZcWUQm24x_R8FAAFP"}
2026-04-14T23:55:00.753Z [ERROR] [EventsGateway] Client connected without token {"clientId":"UccF5gkrSOc3hlIQAAFR"}
2026-04-14T23:55:00.776Z [ERROR] [EventsGateway] Client connected without token {"clientId":"uJQuqUrngd63ZX97AAFT"}
2026-04-14T23:55:00.791Z [ERROR] [EventsGateway] Client connected without token {"clientId":"6UQrUZEtckALAGwMAAFV"}
2026-04-14T23:55:00.807Z [ERROR] [EventsGateway] Client connected without token {"clientId":"x9qE14L2_xWsHMzqAAFX"}
2026-04-14T23:55:00.822Z [ERROR] [EventsGateway] Client connected without token {"clientId":"rMxvOQg3BtK4RYLoAAFZ"}
2026-04-14T23:55:00.835Z [ERROR] [EventsGateway] Client connected without token {"clientId":"vnY6IfHsaVYywZp5AAFb"}
2026-04-14T23:55:00.849Z [ERROR] [EventsGateway] Client connected without token {"clientId":"w7ejtJBogEZDhA23AAFd"}
2026-04-14T23:55:00.865Z [ERROR] [EventsGateway] Client connected without token {"clientId":"imYCV3zO0WMLb7jdAAFf"}
2026-04-14T23:55:00.880Z [ERROR] [EventsGateway] Client connected without token {"clientId":"QAjjkxI8l61lgB-AAAFh"}
2026-04-14T23:55:00.901Z [ERROR] [EventsGateway] Client connected without token {"clientId":"hh21wlfwW3Eq4UeHAAFj"}
2026-04-14T23:55:00.916Z [ERROR] [EventsGateway] Client connected without token {"clientId":"L3JYaQU5DkMrt7bjAAFl"}
2026-04-14T23:55:00.931Z [ERROR] [EventsGateway] Client connected without token {"clientId":"WcB3uOJmNC9nK0IeAAFn"}
2026-04-14T23:55:00.943Z [ERROR] [EventsGateway] Client connected without token {"clientId":"rLI6UbUC0e7sI8YFAAFp"}
2026-04-14T23:55:00.958Z [ERROR] [EventsGateway] Client connected without token {"clientId":"FSKSu2W7qLjzIQmiAAFr"}
2026-04-14T23:55:00.974Z [ERROR] [EventsGateway] Client connected without token {"clientId":"ssU3ygWNUNIOmbgcAAFt"}
2026-04-14T23:55:00.990Z [ERROR] [EventsGateway] Client connected without token {"clientId":"aS2-mcjKKQGJhyakAAFv"}
2026-04-14T23:55:01.007Z [ERROR] [EventsGateway] Client connected without token {"clientId":"fbdCWdR-crGaYol_AAFx"}
2026-04-14T23:55:01.020Z [ERROR] [EventsGateway] Client connected without token {"clientId":"ti4Xc2_0dgBSLy4LAAFz"}
2026-04-14T23:55:01.039Z [ERROR] [EventsGateway] Client connected without token {"clientId":"ULVY0o4SBngFAUFWAAF1"}
2026-04-14T23:55:01.055Z [ERROR] [EventsGateway] Client connected without token {"clientId":"cNnfdhGCS1F_96ETAAF3"}
2026-04-14T23:55:01.072Z [ERROR] [EventsGateway] Client connected without token {"clientId":"A1waYjINBwS1YTdzAAF5"}
2026-04-14T23:55:01.087Z [ERROR] [EventsGateway] Client connected without token {"clientId":"1NQAGg71QW6CWPYXAAF7"}
2026-04-14T23:55:01.105Z [ERROR] [EventsGateway] Client connected without token {"clientId":"7UCQ__kUJuLbVxmZAAF9"}
2026-04-14T23:55:01.120Z [ERROR] [EventsGateway] Client connected without token {"clientId":"u7x-mZz-zPbDJpMfAAF_"}
2026-04-14T23:55:01.137Z [ERROR] [EventsGateway] Client connected without token {"clientId":"Kx45k2i-ZbLz2r_eAAGB"}
2026-04-14T23:55:01.153Z [ERROR] [EventsGateway] Client connected without token {"clientId":"-hK1qVFn0HvyjB3EAAGD"}
2026-04-14T23:55:01.170Z [ERROR] [EventsGateway] Client connected without token {"clientId":"Tt1XAERP-4wkW507AAGF"}
2026-04-14T23:55:01.185Z [ERROR] [EventsGateway] Client connected without token {"clientId":"QOXcuB7bbJj_VQ3fAAGH"}
2026-04-14T23:55:01.199Z [ERROR] [EventsGateway] Client connected without token {"clientId":"gM4uxT9kMpYe-DpRAAGJ"}
2026-04-14T23:55:01.215Z [ERROR] [EventsGateway] Client connected without token {"clientId":"YcUGIy7spj25rUxnAAGL"}
2026-04-14T23:55:01.230Z [ERROR] [EventsGateway] Client connected without token {"clientId":"Ogg9eIOjWDwTJK_EAAGN"}
2026-04-14T23:55:01.244Z [ERROR] [EventsGateway] Client connected without token {"clientId":"iPMbdI6WtX1XjXmaAAGP"}
2026-04-14T23:55:01.258Z [ERROR] [EventsGateway] Client connected without token {"clientId":"XHzyN9HMZgqi28DpAAGR"}
2026-04-14T23:55:01.274Z [ERROR] [EventsGateway] Client connected without token {"clientId":"S1ygaHguSJ0N-3EqAAGT"}
2026-04-14T23:55:01.290Z [ERROR] [EventsGateway] Client connected without token {"clientId":"YV8x2NNz2oJkeVjpAAGV"}
2026-04-14T23:55:01.306Z [ERROR] [EventsGateway] Client connected without token {"clientId":"tYPOoClPgnwY6t6qAAGX"}
2026-04-14T23:55:01.324Z [ERROR] [EventsGateway] Client connected without token {"clientId":"K5npvyGcpkix9k74AAGZ"}
2026-04-14T23:55:01.340Z [ERROR] [EventsGateway] Client connected without token {"clientId":"rSppGf_nTD0NoEE6AAGb"}
2026-04-14T23:55:01.358Z [ERROR] [EventsGateway] Client connected without token {"clientId":"iI20c2h3dyDIUrmnAAGd"}
2026-04-14T23:55:01.374Z [ERROR] [EventsGateway] Client connected without token {"clientId":"VWHp9O3m8nVQ2lZjAAGf"}
2026-04-14T23:55:01.390Z [ERROR] [EventsGateway] Client connected without token {"clientId":"3TTwMiIXXKvVGpQiAAGh"}
2026-04-14T23:55:01.403Z [ERROR] [EventsGateway] Client connected without token {"clientId":"nMMdNUdZGaDj2YEBAAGj"}
2026-04-14T23:55:01.420Z [ERROR] [EventsGateway] Client connected without token {"clientId":"Pj0pCPCQVRGwKO1XAAGl"}
2026-04-14T23:55:01.439Z [ERROR] [EventsGateway] Client connected without token {"clientId":"LA9ZtPDd5HIRzLzCAAGn"}
2026-04-14T23:55:01.456Z [ERROR] [EventsGateway] Client connected without token {"clientId":"DG07zhe2Ye3d9M8XAAGp"}
2026-04-14T23:55:01.468Z [ERROR] [EventsGateway] Client connected without token {"clientId":"GUoA_g-l772CWWL2AAGr"}
2026-04-14T23:55:01.483Z [ERROR] [EventsGateway] Client connected without token {"clientId":"_ZKcPcDclclenZtcAAGt"}
2026-04-14T23:55:01.500Z [ERROR] [EventsGateway] Client connected without token {"clientId":"pbE74dWXH_sH1NtfAAGv"}
2026-04-14T23:55:01.516Z [ERROR] [EventsGateway] Client connected without token {"clientId":"frdoF76vZanKNcQEAAGx"}
2026-04-14T23:55:01.533Z [ERROR] [EventsGateway] Client connected without token {"clientId":"OLgWgSVesRky1smnAAGz"}
2026-04-14T23:55:01.550Z [ERROR] [EventsGateway] Client connected without token {"clientId":"XB6r5hql_UlMMfQmAAG1"}
2026-04-14T23:55:01.567Z [ERROR] [EventsGateway] Client connected without token {"clientId":"euFeYMVBKYq2gBZBAAG3"}
2026-04-14T23:55:01.583Z [ERROR] [EventsGateway] Client connected without token {"clientId":"MueIt00unFdjtqpGAAG5"}
2026-04-14T23:55:01.600Z [ERROR] [EventsGateway] Client connected without token {"clientId":"hyDfVMr0IVV5a8cCAAG7"}
2026-04-14T23:55:01.617Z [ERROR] [EventsGateway] Client connected without token {"clientId":"f_K09uvoJLOpEvfOAAG9"}
2026-04-14T23:55:01.633Z [ERROR] [EventsGateway] Client connected without token {"clientId":"YO_uNa5OvBl5Y7vOAAG_"}
2026-04-14T23:55:01.650Z [ERROR] [EventsGateway] Client connected without token {"clientId":"aQcxM4oBqbITrjmvAAHB"}
2026-04-14T23:55:01.668Z [ERROR] [EventsGateway] Client connected without token {"clientId":"2mHBNO1rMCKfBT5pAAHD"}
2026-04-14T23:55:01.683Z [ERROR] [EventsGateway] Client connected without token {"clientId":"DnybMboIJo_F5ATGAAHF"}
2026-04-14T23:55:01.699Z [ERROR] [EventsGateway] Client connected without token {"clientId":"PC6JF7WHruTK1hrYAAHH"}
2026-04-14T23:55:01.715Z [ERROR] [EventsGateway] Client connected without token {"clientId":"_VhXxE4C2fESLv0XAAHJ"}
2026-04-14T23:55:01.731Z [ERROR] [EventsGateway] Client connected without token {"clientId":"nAnKcZd--ucfePLCAAHL"}
2026-04-14T23:55:01.745Z [ERROR] [EventsGateway] Client connected without token {"clientId":"U34Xzi8fuGfiB33JAAHN"}
2026-04-14T23:55:01.760Z [ERROR] [EventsGateway] Client connected without token {"clientId":"kTA3bX0C9WTkx5AAAAHP"}
2026-04-14T23:55:01.775Z [ERROR] [EventsGateway] Client connected without token {"clientId":"IEOCNNL0ifSOixkBAAHR"}
2026-04-14T23:55:01.791Z [ERROR] [EventsGateway] Client connected without token {"clientId":"ILZVDV7dZsKnCddwAAHT"}
2026-04-14T23:55:01.807Z [ERROR] [EventsGateway] Client connected without token {"clientId":"dYQA2OA9d9WRRZtBAAHV"}
2026-04-14T23:55:01.824Z [ERROR] [EventsGateway] Client connected without token {"clientId":"4Z5rtnGgQ_rvHMMSAAHX"}
2026-04-14T23:55:01.839Z [ERROR] [EventsGateway] Client connected without token {"clientId":"XfDNAnvyqvs6w8EaAAHZ"}
2026-04-14T23:55:01.855Z [ERROR] [EventsGateway] Client connected without token {"clientId":"WFXo84tYwR_fp_jVAAHb"}
2026-04-14T23:55:01.872Z [ERROR] [EventsGateway] Client connected without token {"clientId":"7wc_2lj-F9ivUqi1AAHd"}
2026-04-14T23:55:01.886Z [ERROR] [EventsGateway] Client connected without token {"clientId":"yUE_VzdaBOhPhHreAAHf"}
2026-04-14T23:55:01.907Z [ERROR] [EventsGateway] Client connected without token {"clientId":"NL1vBWgE8fKYdC8-AAHh"}
2026-04-14T23:55:01.923Z [ERROR] [EventsGateway] Client connected without token {"clientId":"_ZtynplAR2fcmUSrAAHj"}
2026-04-14T23:55:01.937Z [ERROR] [EventsGateway] Client connected without token {"clientId":"1CRSmM-nVjmNB2PqAAHl"}
2026-04-14T23:55:01.953Z [ERROR] [EventsGateway] Client connected without token {"clientId":"tmp826ProexC_G-CAAHn"}
2026-04-14T23:55:01.966Z [ERROR] [EventsGateway] Client connected without token {"clientId":"ze2zRzsx6x69LtiJAAHp"}
2026-04-14T23:55:01.982Z [ERROR] [EventsGateway] Client connected without token {"clientId":"8HfwAd12u2KIN-atAAHr"}
2026-04-14T23:55:01.997Z [ERROR] [EventsGateway] Client connected without token {"clientId":"weRuP1BDEDbju8uJAAHt"}
2026-04-14T23:55:02.009Z [ERROR] [EventsGateway] Client connected without token {"clientId":"wsi8ZATd4j7TCZy1AAHv"}
2026-04-14T23:55:02.023Z [ERROR] [EventsGateway] Client connected without token {"clientId":"CMyfg3YH8oGdoRiLAAHx"}
2026-04-14T23:55:02.039Z [ERROR] [EventsGateway] Client connected without token {"clientId":"ynC7FmEqCsXsD7NhAAHz"}
2026-04-14T23:55:02.053Z [ERROR] [EventsGateway] Client connected without token {"clientId":"Qfq_PRDYrwHtB3lGAAH1"}
2026-04-14T23:55:02.069Z [ERROR] [EventsGateway] Client connected without token {"clientId":"IL0tL59bwyPZqyROAAH3"}
2026-04-14T23:55:02.083Z [ERROR] [EventsGateway] Client connected without token {"clientId":"RnIGCWyjUrFe0b7oAAH5"}
2026-04-14T23:55:02.100Z [ERROR] [EventsGateway] Client connected without token {"clientId":"3eJZ92zCu3_YclvrAAH7"}
2026-04-14T23:55:02.116Z [ERROR] [EventsGateway] Client connected without token {"clientId":"4f9kGWxdi4xQs5D4AAH9"}
2026-04-14T23:55:02.133Z [ERROR] [EventsGateway] Client connected without token {"clientId":"K5nRnCHjwKrJhwMYAAH_"}
2026-04-14T23:55:02.150Z [ERROR] [EventsGateway] Client connected without token {"clientId":"aQWRjr0LtCdl5L3GAAIB"}
2026-04-14T23:55:02.168Z [ERROR] [EventsGateway] Client connected without token {"clientId":"5-d_LydigFxPHkXrAAID"}
2026-04-14T23:55:02.182Z [ERROR] [EventsGateway] Client connected without token {"clientId":"8QPvF722Zo9fYrA4AAIF"}
2026-04-14T23:55:02.197Z [ERROR] [EventsGateway] Client connected without token {"clientId":"-hsUUkoAybChs-7QAAIH"}
2026-04-14T23:55:02.214Z [ERROR] [EventsGateway] Client connected without token {"clientId":"GW3jvA1oYmk1BWwJAAIJ"}
2026-04-14T23:55:02.231Z [ERROR] [EventsGateway] Client connected without token {"clientId":"btE6zgU0_cGkaTEbAAIL"}
2026-04-14T23:55:02.240Z [ERROR] [EventsGateway] Client connected without token {"clientId":"nHOI2xGGf6l3M9YmAAIN"}
2026-04-14T23:55:02.256Z [ERROR] [EventsGateway] Client connected without token {"clientId":"UlppO4t8HGKkQbNaAAIP"}
2026-04-14T23:55:02.269Z [ERROR] [EventsGateway] Client connected without token {"clientId":"o1Yb4e5u8KSZbJxMAAIR"}
2026-04-14T23:55:02.284Z [ERROR] [EventsGateway] Client connected without token {"clientId":"BSqwjr2qe5h7bCV1AAIT"}
2026-04-14T23:55:02.298Z [ERROR] [EventsGateway] Client connected without token {"clientId":"CqB9rEfSEXEHhQ43AAIV"}
2026-04-14T23:55:02.313Z [ERROR] [EventsGateway] Client connected without token {"clientId":"6RT3JM0sazptZdVuAAIX"}
2026-04-14T23:55:02.328Z [ERROR] [EventsGateway] Client connected without token {"clientId":"KTtB6j8AZQbovyLLAAIZ"}
2026-04-14T23:55:02.343Z [ERROR] [EventsGateway] Client connected without token {"clientId":"Otk9E_iBbDIHrZ4rAAIb"}
2026-04-14T23:55:02.358Z [ERROR] [EventsGateway] Client connected without token {"clientId":"pH4qF9kWuQi5dxLtAAId"}
2026-04-14T23:55:02.373Z [ERROR] [EventsGateway] Client connected without token {"clientId":"3WHXlnnTQgENTHzIAAIf"}
2026-04-14T23:55:02.387Z [ERROR] [EventsGateway] Client connected without token {"clientId":"7guv2b4BoF5-8fPyAAIh"}
2026-04-14T23:55:02.402Z [ERROR] [EventsGateway] Client connected without token {"clientId":"tDKSwCkrSRhaTAeiAAIj"}
2026-04-14T23:55:02.420Z [ERROR] [EventsGateway] Client connected without token {"clientId":"Mmp_3faccHeaaJU3AAIl"}
2026-04-14T23:55:02.436Z [ERROR] [EventsGateway] Client connected without token {"clientId":"cwT5Ohx16_ySILpNAAIn"}
2026-04-14T23:55:02.449Z [ERROR] [EventsGateway] Client connected without token {"clientId":"SnhTrlm20Q8GkQoEAAIp"}
2026-04-14T23:55:02.465Z [ERROR] [EventsGateway] Client connected without token {"clientId":"epsm4x-phC4gYVrNAAIr"}
2026-04-14T23:55:02.483Z [ERROR] [EventsGateway] Client connected without token {"clientId":"XXJz_HFojFsgEM5PAAIt"}
2026-04-14T23:55:02.499Z [ERROR] [EventsGateway] Client connected without token {"clientId":"0Ujjm3zlRSeFZpasAAIv"}
2026-04-14T23:55:02.514Z [ERROR] [EventsGateway] Client connected without token {"clientId":"xKkjAJ8_EJCNc6f5AAIx"}
2026-04-14T23:55:02.530Z [ERROR] [EventsGateway] Client connected without token {"clientId":"efHkQWkDRnYs-d1dAAIz"}
2026-04-14T23:55:02.543Z [ERROR] [EventsGateway] Client connected without token {"clientId":"k6zTMVNdNiXcLWMSAAI1"}
2026-04-14T23:55:02.558Z [ERROR] [EventsGateway] Client connected without token {"clientId":"kH7j2Q7_B849x_g4AAI3"}
2026-04-14T23:55:02.574Z [ERROR] [EventsGateway] Client connected without token {"clientId":"A7RJiPaZd_Xu2ow6AAI5"}
2026-04-14T23:55:02.589Z [ERROR] [EventsGateway] Client connected without token {"clientId":"8Ii3b5xo1jkQibtSAAI7"}
2026-04-14T23:55:02.603Z [ERROR] [EventsGateway] Client connected without token {"clientId":"9LaM0SHQ_vM25TkYAAI9"}
2026-04-14T23:55:02.618Z [ERROR] [EventsGateway] Client connected without token {"clientId":"803GunhoRoBm8ejNAAI_"}
2026-04-14T23:55:02.634Z [ERROR] [EventsGateway] Client connected without token {"clientId":"IFngIVhfe6i3LxzFAAJB"}
2026-04-14T23:55:02.650Z [ERROR] [EventsGateway] Client connected without token {"clientId":"0iEf7H-k6lnf7r7WAAJD"}
2026-04-14T23:55:02.668Z [ERROR] [EventsGateway] Client connected without token {"clientId":"_0Fcc1Y5wQFIGga4AAJF"}
2026-04-14T23:55:02.683Z [ERROR] [EventsGateway] Client connected without token {"clientId":"rS0vyh9sRLnRQD0kAAJH"}
2026-04-14T23:55:02.701Z [ERROR] [EventsGateway] Client connected without token {"clientId":"TwAo622b2IW6rRQHAAJJ"}
2026-04-14T23:55:02.717Z [ERROR] [EventsGateway] Client connected without token {"clientId":"E6pnp9BdrdK4jke5AAJL"}
2026-04-14T23:55:02.733Z [ERROR] [EventsGateway] Client connected without token {"clientId":"Iu1WLXIm5F4cfQhpAAJN"}
2026-04-14T23:55:02.750Z [ERROR] [EventsGateway] Client connected without token {"clientId":"pmpOTWMsgSnpxckdAAJP"}
2026-04-14T23:55:02.762Z [ERROR] [EventsGateway] Client connected without token {"clientId":"7R-185whlPjPm0scAAJR"}
2026-04-14T23:55:02.776Z [ERROR] [EventsGateway] Client connected without token {"clientId":"ycOaUIF4WbhjxmJPAAJT"}
2026-04-14T23:55:02.790Z [ERROR] [EventsGateway] Client connected without token {"clientId":"02aj3fQ_odlcxtAOAAJV"}
2026-04-14T23:55:02.804Z [ERROR] [EventsGateway] Client connected without token {"clientId":"6IKHHw0Z8n-n1mcvAAJX"}
2026-04-14T23:55:02.820Z [ERROR] [EventsGateway] Client connected without token {"clientId":"Mb7PiBg9qyUDYt52AAJZ"}
2026-04-14T23:55:02.835Z [ERROR] [EventsGateway] Client connected without token {"clientId":"bExrbINiunnk176oAAJb"}
2026-04-14T23:55:02.854Z [ERROR] [EventsGateway] Client connected without token {"clientId":"LLU4paO9ZiZuNaYJAAJd"}
2026-04-14T23:55:02.868Z [ERROR] [EventsGateway] Client connected without token {"clientId":"OPKv1O0HBnkCVtcsAAJf"}
2026-04-14T23:55:02.887Z [ERROR] [EventsGateway] Client connected without token {"clientId":"Qdhv8j_y0sdEqxmPAAJh"}
2026-04-14T23:55:02.901Z [ERROR] [EventsGateway] Client connected without token {"clientId":"UuRHSBK56E5czvBiAAJj"}
2026-04-14T23:55:02.917Z [ERROR] [EventsGateway] Client connected without token {"clientId":"nALNBu2tySClN6swAAJl"}
2026-04-14T23:55:02.932Z [ERROR] [EventsGateway] Client connected without token {"clientId":"wWBfoWn0YecXIGdeAAJn"}
2026-04-14T23:55:02.948Z [ERROR] [EventsGateway] Client connected without token {"clientId":"W6oNX2vUonejFfkPAAJp"}
2026-04-14T23:55:02.964Z [ERROR] [EventsGateway] Client connected without token {"clientId":"sFiryobsZ3KdtXikAAJr"}
2026-04-14T23:55:02.980Z [ERROR] [EventsGateway] Client connected without token {"clientId":"iZDF7u04ar9oLyWaAAJt"}
2026-04-14T23:55:02.992Z [ERROR] [EventsGateway] Client connected without token {"clientId":"fush4o3Qr84cQN7iAAJv"}
2026-04-14T23:55:03.007Z [ERROR] [EventsGateway] Client connected without token {"clientId":"FO4GKTu8sHisT3j3AAJx"}
2026-04-14T23:55:03.023Z [ERROR] [EventsGateway] Client connected without token {"clientId":"A2UqOffNPKkodDAXAAJz"}
2026-04-14T23:55:03.039Z [ERROR] [EventsGateway] Client connected without token {"clientId":"z_9BDCWQ0qbAx7umAAJ1"}
2026-04-14T23:55:03.056Z [ERROR] [EventsGateway] Client connected without token {"clientId":"i32uwTf0dsu9pwDvAAJ3"}
2026-04-14T23:55:03.072Z [ERROR] [EventsGateway] Client connected without token {"clientId":"GDShqH2fmjH7e7O9AAJ5"}
2026-04-14T23:55:03.086Z [ERROR] [EventsGateway] Client connected without token {"clientId":"84Ce8WVqq_pN6RZNAAJ7"}
2026-04-14T23:55:03.104Z [ERROR] [EventsGateway] Client connected without token {"clientId":"3jBXWEipBQoJ32NUAAJ9"}
2026-04-14T23:55:03.118Z [ERROR] [EventsGateway] Client connected without token {"clientId":"V-ijBFUbfEiSZFD2AAJ_"}
2026-04-14T23:55:03.134Z [ERROR] [EventsGateway] Client connected without token {"clientId":"W8KfRLpZ99lqrHDnAAKB"}
2026-04-14T23:55:03.150Z [ERROR] [EventsGateway] Client connected without token {"clientId":"IQVaDgCH9auvvAQOAAKD"}
2026-04-14T23:55:03.166Z [ERROR] [EventsGateway] Client connected without token {"clientId":"lbVL6Fj_zJ08jI1QAAKF"}
2026-04-14T23:55:03.183Z [ERROR] [EventsGateway] Client connected without token {"clientId":"lFoMk-_-LM1ASSCqAAKH"}
2026-04-14T23:55:03.199Z [ERROR] [EventsGateway] Client connected without token {"clientId":"y6F93c26riGjzmRxAAKJ"}
2026-04-14T23:55:03.214Z [ERROR] [EventsGateway] Client connected without token {"clientId":"b-u-jCBkAdccse2aAAKL"}
2026-04-14T23:55:03.227Z [ERROR] [EventsGateway] Client connected without token {"clientId":"XnwNkkr3PwaN00zlAAKN"}
2026-04-14T23:55:03.241Z [ERROR] [EventsGateway] Client connected without token {"clientId":"FAzH0IOTi5H456JKAAKP"}
2026-04-14T23:55:03.257Z [ERROR] [EventsGateway] Client connected without token {"clientId":"iWAFlwnIUMUEcspyAAKR"}
2026-04-14T23:55:03.272Z [ERROR] [EventsGateway] Client connected without token {"clientId":"FFUFfol-dtvWypK5AAKT"}
2026-04-14T23:55:03.285Z [ERROR] [EventsGateway] Client connected without token {"clientId":"Iob14Rdtt0FlhNZ_AAKV"}
2026-04-14T23:55:03.300Z [ERROR] [EventsGateway] Client connected without token {"clientId":"wx1dkNQgqz2dGLY2AAKX"}
2026-04-14T23:55:03.316Z [ERROR] [EventsGateway] Client connected without token {"clientId":"Y-A3VTy9KC2bRyVDAAKZ"}
2026-04-14T23:55:03.332Z [ERROR] [EventsGateway] Client connected without token {"clientId":"3uTZZyY0vHA3ZNt4AAKb"}
2026-04-14T23:55:03.347Z [ERROR] [EventsGateway] Client connected without token {"clientId":"T6LtWbsjgaYsaLfSAAKd"}
2026-04-14T23:55:03.365Z [ERROR] [EventsGateway] Client connected without token {"clientId":"Z7pOTJsnfwaygH6vAAKf"}
2026-04-14T23:55:03.382Z [ERROR] [EventsGateway] Client connected without token {"clientId":"QTIxHm0Ks7uvDgyEAAKh"}
2026-04-14T23:55:03.398Z [ERROR] [EventsGateway] Client connected without token {"clientId":"Z-XokU5JwYtxtkQuAAKj"}
2026-04-14T23:55:03.412Z [ERROR] [EventsGateway] Client connected without token {"clientId":"TswsqQqwwfZ6GMIFAAKl"}
2026-04-14T23:55:03.424Z [ERROR] [EventsGateway] Client connected without token {"clientId":"lwQ8y2EYBf6bwuskAAKn"}
2026-04-14T23:55:03.440Z [ERROR] [EventsGateway] Client connected without token {"clientId":"aBJT2FnUUIdJ2Xb8AAKp"}
2026-04-14T23:55:03.452Z [ERROR] [EventsGateway] Client connected without token {"clientId":"S3ndC4V-vN3GGCn2AAKr"}
2026-04-14T23:55:03.472Z [ERROR] [EventsGateway] Client connected without token {"clientId":"OYoetV9SN9HSvifdAAKt"}
2026-04-14T23:55:03.487Z [ERROR] [EventsGateway] Client connected without token {"clientId":"0xu1yX_fb1B8YW1SAAKv"}
2026-04-14T23:55:03.502Z [ERROR] [EventsGateway] Client connected without token {"clientId":"Ue0LQuBCJoWFJsx8AAKx"}
2026-04-14T23:55:03.516Z [ERROR] [EventsGateway] Client connected without token {"clientId":"ISwbRpWsbqtbCv_PAAKz"}
2026-04-14T23:55:03.532Z [ERROR] [EventsGateway] Client connected without token {"clientId":"9J0YOmYlEi2VvJ-fAAK1"}
2026-04-14T23:55:03.548Z [ERROR] [EventsGateway] Client connected without token {"clientId":"TZ1pTN1bA6DaHdyrAAK3"}
2026-04-14T23:55:03.563Z [ERROR] [EventsGateway] Client connected without token {"clientId":"FwB3_G5NL02Srk9dAAK5"}
2026-04-14T23:55:03.579Z [ERROR] [EventsGateway] Client connected without token {"clientId":"fl-4r6pko-x9u4_CAAK7"}
2026-04-14T23:55:03.593Z [ERROR] [EventsGateway] Client connected without token {"clientId":"kGQNexg8Zsi0S5_oAAK9"}
2026-04-14T23:55:03.607Z [ERROR] [EventsGateway] Client connected without token {"clientId":"1kTvGTiJPpJph75yAAK_"}
2026-04-14T23:55:03.623Z [ERROR] [EventsGateway] Client connected without token {"clientId":"_rUuIBVYCRCFToUFAALB"}
2026-04-14T23:55:03.638Z [ERROR] [EventsGateway] Client connected without token {"clientId":"EPA9ox2shyzE7j6TAALD"}
2026-04-14T23:55:03.655Z [ERROR] [EventsGateway] Client connected without token {"clientId":"lPa9nKxGrWOowaguAALF"}
2026-04-14T23:55:03.671Z [ERROR] [EventsGateway] Client connected without token {"clientId":"X1nuzaqlqCWdvPsdAALH"}
2026-04-14T23:55:03.686Z [ERROR] [EventsGateway] Client connected without token {"clientId":"8qu23sAnFIfqYL7NAALJ"}
2026-04-14T23:55:03.702Z [ERROR] [EventsGateway] Client connected without token {"clientId":"SrjxZZdl2tBZJjW7AALL"}
2026-04-14T23:55:03.716Z [ERROR] [EventsGateway] Client connected without token {"clientId":"Ihqfv0eBfsaJEgLgAALN"}
2026-04-14T23:55:03.734Z [ERROR] [EventsGateway] Client connected without token {"clientId":"AqzWYdfhXkr3YssHAALP"}
2026-04-14T23:55:03.752Z [ERROR] [EventsGateway] Client connected without token {"clientId":"SK5Ve8u6xJleZv5VAALR"}
2026-04-14T23:55:03.769Z [ERROR] [EventsGateway] Client connected without token {"clientId":"O2L3Ses6R8pEOVIuAALT"}
2026-04-14T23:55:03.783Z [ERROR] [EventsGateway] Client connected without token {"clientId":"Hv1_UXmCIphFI4ggAALV"}
2026-04-14T23:55:03.803Z [ERROR] [EventsGateway] Client connected without token {"clientId":"vtOt5gSs8EJoXkF-AALX"}
2026-04-14T23:55:03.817Z [ERROR] [EventsGateway] Client connected without token {"clientId":"b3xh_W1l9lLBDRLnAALZ"}
2026-04-14T23:55:03.832Z [ERROR] [EventsGateway] Client connected without token {"clientId":"9aZ1zOPVxcjwcHp7AALb"}
2026-04-14T23:55:03.849Z [ERROR] [EventsGateway] Client connected without token {"clientId":"zELfMcMNW43CbV--AALd"}
2026-04-14T23:55:03.865Z [ERROR] [EventsGateway] Client connected without token {"clientId":"2dn_wMLzecQ-c2OXAALf"}
2026-04-14T23:55:03.882Z [ERROR] [EventsGateway] Client connected without token {"clientId":"a9B_vTK3t3SY5vewAALh"}
2026-04-14T23:55:03.899Z [ERROR] [EventsGateway] Client connected without token {"clientId":"KxEexi-1NHnnR38IAALj"}
2026-04-14T23:55:03.915Z [ERROR] [EventsGateway] Client connected without token {"clientId":"6v5_q1uhGBdNwmwAAALl"}
2026-04-14T23:55:03.932Z [ERROR] [EventsGateway] Client connected without token {"clientId":"eV8YJl2_te4w50LeAALn"}
2026-04-14T23:55:03.942Z [ERROR] [EventsGateway] Client connected without token {"clientId":"g8vBmPYxsm3WN8MKAALp"}
2026-04-14T23:55:03.957Z [ERROR] [EventsGateway] Client connected without token {"clientId":"vR4KQRBoWmec7VFtAALr"}
2026-04-14T23:55:03.971Z [ERROR] [EventsGateway] Client connected without token {"clientId":"4lEx6Z1fVNZg-6T9AALt"}
2026-04-14T23:55:03.985Z [ERROR] [EventsGateway] Client connected without token {"clientId":"yrFZHgAO2ZgDPuOMAALv"}
2026-04-14T23:55:03.999Z [ERROR] [EventsGateway] Client connected without token {"clientId":"ahQzEZE1f_c1ccmmAALx"}
2026-04-14T23:55:04.014Z [ERROR] [EventsGateway] Client connected without token {"clientId":"Z2iAmfMlEn2M__LYAALz"}
2026-04-14T23:55:04.030Z [ERROR] [EventsGateway] Client connected without token {"clientId":"nUYvhdoWItKhkdrZAAL1"}
2026-04-14T23:55:04.044Z [ERROR] [EventsGateway] Client connected without token {"clientId":"gWFuboUbN53VjemJAAL3"}
2026-04-14T23:55:04.063Z [ERROR] [EventsGateway] Client connected without token {"clientId":"TiG53DnDAmnpu8jtAAL5"}
2026-04-14T23:55:04.075Z [ERROR] [EventsGateway] Client connected without token {"clientId":"VyMKURQBSH1EPNDWAAL7"}
2026-04-14T23:55:04.090Z [ERROR] [EventsGateway] Client connected without token {"clientId":"uezqMff0Vq82VDLyAAL9"}
2026-04-14T23:55:04.105Z [ERROR] [EventsGateway] Client connected without token {"clientId":"yb2AHumiWTSVsCYcAAL_"}
2026-04-14T23:55:04.120Z [ERROR] [EventsGateway] Client connected without token {"clientId":"61MfeFCuLkTqQF93AAMB"}
2026-04-14T23:55:04.132Z [ERROR] [EventsGateway] Client connected without token {"clientId":"CIpnJh-4Cvc8LNQwAAMD"}
2026-04-14T23:55:04.149Z [ERROR] [EventsGateway] Client connected without token {"clientId":"GVYywrfRouJzplVGAAMF"}
2026-04-14T23:55:04.164Z [ERROR] [EventsGateway] Client connected without token {"clientId":"kPCWY6IxaEFZpGziAAMH"}
2026-04-14T23:55:04.179Z [ERROR] [EventsGateway] Client connected without token {"clientId":"d2j94wt1pU-d8tC5AAMJ"}
2026-04-14T23:55:04.192Z [ERROR] [EventsGateway] Client connected without token {"clientId":"Qu1Ua9dCFVkb2c0zAAML"}
2026-04-14T23:55:04.206Z [ERROR] [EventsGateway] Client connected without token {"clientId":"rF2ZZivP8kSsfeQxAAMN"}
2026-04-14T23:55:04.221Z [ERROR] [EventsGateway] Client connected without token {"clientId":"PhNL9Kwbk6BVDjGpAAMP"}
2026-04-14T23:55:04.236Z [ERROR] [EventsGateway] Client connected without token {"clientId":"nBarupe030WY7SuPAAMR"}
2026-04-14T23:55:04.252Z [ERROR] [EventsGateway] Client connected without token {"clientId":"jZTrcpSegTHWV6oMAAMT"}
2026-04-14T23:55:04.268Z [ERROR] [EventsGateway] Client connected without token {"clientId":"Nnc3NXDisNAF-VQGAAMV"}
2026-04-14T23:55:04.283Z [ERROR] [EventsGateway] Client connected without token {"clientId":"roXgejyEViNIwS-_AAMX"}
2026-04-14T23:55:04.298Z [ERROR] [EventsGateway] Client connected without token {"clientId":"XZRxocdo_PMqkcxLAAMZ"}
2026-04-14T23:55:04.315Z [ERROR] [EventsGateway] Client connected without token {"clientId":"wlmT_1WDFZNEsZRAAAMb"}
2026-04-14T23:55:04.332Z [ERROR] [EventsGateway] Client connected without token {"clientId":"FXyixLfT3LIKtS0iAAMd"}
2026-04-14T23:55:04.348Z [ERROR] [EventsGateway] Client connected without token {"clientId":"xEXpEiQp9sfPiuvWAAMf"}
2026-04-14T23:55:04.359Z [ERROR] [EventsGateway] Client connected without token {"clientId":"tOy-kmuTeffG8jfZAAMh"}
2026-04-14T23:55:04.373Z [ERROR] [EventsGateway] Client connected without token {"clientId":"3IIvQEV6paXkJnZGAAMj"}
2026-04-14T23:55:04.389Z [ERROR] [EventsGateway] Client connected without token {"clientId":"nRVPAWxvLoN6P2gzAAMl"}
2026-04-14T23:55:04.402Z [ERROR] [EventsGateway] Client connected without token {"clientId":"SJ4flBmaZgVU1sfNAAMn"}
2026-04-14T23:55:04.415Z [ERROR] [EventsGateway] Client connected without token {"clientId":"eZDh-J9sXWfhYs5BAAMp"}
2026-04-14T23:55:04.432Z [ERROR] [EventsGateway] Client connected without token {"clientId":"SYzkCX8nzXqfR0--AAMr"}
2026-04-14T23:55:04.449Z [ERROR] [EventsGateway] Client connected without token {"clientId":"iuzKZV-pa9pZ-hYqAAMt"}
2026-04-14T23:55:04.462Z [ERROR] [EventsGateway] Client connected without token {"clientId":"O65l6iK3Bj5oV4a0AAMv"}
2026-04-14T23:55:04.477Z [ERROR] [EventsGateway] Client connected without token {"clientId":"NSnbvnFeCoUq2KhVAAMx"}
2026-04-14T23:55:04.492Z [ERROR] [EventsGateway] Client connected without token {"clientId":"IUmhZTjcB_0RcHK1AAMz"}
2026-04-14T23:55:04.508Z [ERROR] [EventsGateway] Client connected without token {"clientId":"i82o6WHPbTcg8CG3AAM1"}
2026-04-14T23:55:04.522Z [ERROR] [EventsGateway] Client connected without token {"clientId":"OtUBC6MjJPQFnAWnAAM3"}
2026-04-14T23:55:04.536Z [ERROR] [EventsGateway] Client connected without token {"clientId":"HDsnjWB7JnqCqITyAAM5"}
2026-04-14T23:55:04.552Z [ERROR] [EventsGateway] Client connected without token {"clientId":"XT5W_-OmKPftcgxjAAM7"}
2026-04-14T23:55:04.566Z [ERROR] [EventsGateway] Client connected without token {"clientId":"CgdpQ9qbztEeJs1jAAM9"}
2026-04-14T23:55:04.582Z [ERROR] [EventsGateway] Client connected without token {"clientId":"IkcOKZJKm6EQelRVAAM_"}
2026-04-14T23:55:04.598Z [ERROR] [EventsGateway] Client connected without token {"clientId":"aProH-XrBQCTPKxPAANB"}
2026-04-14T23:55:04.611Z [ERROR] [EventsGateway] Client connected without token {"clientId":"EQtoWllG4H5btVGFAAND"}
2026-04-14T23:55:04.625Z [ERROR] [EventsGateway] Client connected without token {"clientId":"FqM6vyBAcwxkxCCoAANF"}
2026-04-14T23:55:04.640Z [ERROR] [EventsGateway] Client connected without token {"clientId":"iSmb8tLKhmWNV_usAANH"}
2026-04-14T23:55:04.656Z [ERROR] [EventsGateway] Client connected without token {"clientId":"jn3sfhSfjcYDCOtWAANJ"}
2026-04-14T23:55:04.673Z [ERROR] [EventsGateway] Client connected without token {"clientId":"1p4TGwDuo7nBL5AJAANL"}
2026-04-14T23:55:04.687Z [ERROR] [EventsGateway] Client connected without token {"clientId":"T1rotcdcGi1eWblLAANN"}
2026-04-14T23:55:04.703Z [ERROR] [EventsGateway] Client connected without token {"clientId":"2ITeNRfG6rhuuoPtAANP"}
2026-04-14T23:55:04.718Z [ERROR] [EventsGateway] Client connected without token {"clientId":"-WChqOfqG4qESiLVAANR"}
2026-04-14T23:55:04.733Z [ERROR] [EventsGateway] Client connected without token {"clientId":"TCWGPyt5Oo-pTvJJAANT"}
2026-04-14T23:55:04.749Z [ERROR] [EventsGateway] Client connected without token {"clientId":"ZZA-7pwIHN4xPQvTAANV"}
2026-04-14T23:55:04.766Z [ERROR] [EventsGateway] Client connected without token {"clientId":"D25MGFk5nkujx4mJAANX"}
2026-04-14T23:55:04.782Z [ERROR] [EventsGateway] Client connected without token {"clientId":"kpnQZqv0TGpJJE8DAANZ"}
2026-04-14T23:55:04.798Z [ERROR] [EventsGateway] Client connected without token {"clientId":"Hvye3xyH_PhVX4DkAANb"}
2026-04-14T23:55:04.812Z [ERROR] [EventsGateway] Client connected without token {"clientId":"ayKLeGOSzEz1kNfjAANd"}
2026-04-14T23:55:04.826Z [ERROR] [EventsGateway] Client connected without token {"clientId":"k_xy810Hw0XTU_jVAANf"}
2026-04-14T23:55:04.841Z [ERROR] [EventsGateway] Client connected without token {"clientId":"KdLdXPrUpziancIVAANh"}
2026-04-14T23:55:04.857Z [ERROR] [EventsGateway] Client connected without token {"clientId":"rBvSSEdVUf_Uf-Z5AANj"}
2026-04-14T23:55:04.873Z [ERROR] [EventsGateway] Client connected without token {"clientId":"w7LjgQT-wYtK-sY_AANl"}
2026-04-14T23:55:04.889Z [ERROR] [EventsGateway] Client connected without token {"clientId":"hcQ83SqQ6hlI7wmDAANn"}
2026-04-14T23:55:04.905Z [ERROR] [EventsGateway] Client connected without token {"clientId":"pL23FPJ4V8ZWuD-rAANp"}
2026-04-14T23:55:04.921Z [ERROR] [EventsGateway] Client connected without token {"clientId":"yt75yKicb1etqZ8SAANr"}
2026-04-14T23:55:04.938Z [ERROR] [EventsGateway] Client connected without token {"clientId":"X1QN_tObvbSXSnoLAANt"}
2026-04-14T23:55:04.955Z [ERROR] [EventsGateway] Client connected without token {"clientId":"WqozPS6XQVhksakaAANv"}
2026-04-14T23:55:04.972Z [ERROR] [EventsGateway] Client connected without token {"clientId":"JphatfFEsO5Jtb3DAANx"}
2026-04-14T23:55:04.987Z [ERROR] [EventsGateway] Client connected without token {"clientId":"EeyG9LDWdgeTa-2JAANz"}
2026-04-14T23:55:05.004Z [ERROR] [EventsGateway] Client connected without token {"clientId":"rqrfKqpY6AIa10iPAAN1"}
2026-04-14T23:55:05.021Z [ERROR] [EventsGateway] Client connected without token {"clientId":"OWKAYBrxBYzxTD76AAN3"}
2026-04-14T23:55:05.036Z [ERROR] [EventsGateway] Client connected without token {"clientId":"l68a2D3n06R5DIbEAAN5"}
2026-04-14T23:55:05.050Z [ERROR] [EventsGateway] Client connected without token {"clientId":"Wr_6tz0C6Rm4pnYiAAN7"}
2026-04-14T23:55:05.066Z [ERROR] [EventsGateway] Client connected without token {"clientId":"pev9xSb3swiDedGzAAN9"}
2026-04-14T23:55:05.084Z [ERROR] [EventsGateway] Client connected without token {"clientId":"ULkqEEQH8iOndYKTAAN_"}
2026-04-14T23:55:05.099Z [ERROR] [EventsGateway] Client connected without token {"clientId":"kVH5RIJ9rNmitaGmAAOB"}
2026-04-14T23:55:05.115Z [ERROR] [EventsGateway] Client connected without token {"clientId":"3pJ3I2gSA1pIKMraAAOD"}
2026-04-14T23:55:05.131Z [ERROR] [EventsGateway] Client connected without token {"clientId":"h7SIitOs_VtTg37IAAOF"}
2026-04-14T23:55:05.148Z [ERROR] [EventsGateway] Client connected without token {"clientId":"fqjauqbEtRAIKsi7AAOH"}
2026-04-14T23:55:05.164Z [ERROR] [EventsGateway] Client connected without token {"clientId":"4A57x3o0obl-xP1aAAOJ"}
2026-04-14T23:55:05.183Z [ERROR] [EventsGateway] Client connected without token {"clientId":"KoDL9JK8I3e5KTPeAAOL"}
2026-04-14T23:55:05.199Z [ERROR] [EventsGateway] Client connected without token {"clientId":"KsCuI6Hg7Qe4Zdv9AAON"}
2026-04-14T23:55:05.216Z [ERROR] [EventsGateway] Client connected without token {"clientId":"E7yQOHq1MDOHFuoIAAOP"}
2026-04-14T23:55:05.231Z [ERROR] [EventsGateway] Client connected without token {"clientId":"veZ1iKp3E9zIXpc5AAOR"}
2026-04-14T23:55:05.247Z [ERROR] [EventsGateway] Client connected without token {"clientId":"fLoB6WBW_dVrpUJGAAOT"}
2026-04-14T23:55:05.259Z [ERROR] [EventsGateway] Client connected without token {"clientId":"nq53AjyiZ_HVGCVpAAOV"}
2026-04-14T23:55:05.274Z [ERROR] [EventsGateway] Client connected without token {"clientId":"tDUybYj1tmcVHHShAAOX"}
2026-04-14T23:55:05.290Z [ERROR] [EventsGateway] Client connected without token {"clientId":"ZtChOjtUKLSmw16sAAOZ"}
2026-04-14T23:55:05.305Z [ERROR] [EventsGateway] Client connected without token {"clientId":"dZYp8kJBioDlF3eSAAOb"}
2026-04-14T23:55:05.321Z [ERROR] [EventsGateway] Client connected without token {"clientId":"zNgAxPXz0pRPQBQdAAOd"}
2026-04-14T23:55:05.338Z [ERROR] [EventsGateway] Client connected without token {"clientId":"jd_S7ijMWkfPEpdaAAOf"}
2026-04-14T23:55:05.355Z [ERROR] [EventsGateway] Client connected without token {"clientId":"XFLTKn8-zgGfKK4rAAOh"}
2026-04-14T23:55:05.369Z [ERROR] [EventsGateway] Client connected without token {"clientId":"TACM_SSvC1zAHT7CAAOj"}
2026-04-14T23:55:05.382Z [ERROR] [EventsGateway] Client connected without token {"clientId":"PkqpihtANxX-Z3FWAAOl"}
2026-04-14T23:55:05.397Z [ERROR] [EventsGateway] Client connected without token {"clientId":"hdDDA4G78-FgsWhrAAOn"}
2026-04-14T23:55:05.410Z [ERROR] [EventsGateway] Client connected without token {"clientId":"vEcV6vvv0g86T3yDAAOp"}
2026-04-14T23:55:05.424Z [ERROR] [EventsGateway] Client connected without token {"clientId":"lZ6fy92QZhxz7tpyAAOr"}
2026-04-14T23:55:05.439Z [ERROR] [EventsGateway] Client connected without token {"clientId":"z5nyl2f2OVWzVedqAAOt"}
2026-04-14T23:55:05.456Z [ERROR] [EventsGateway] Client connected without token {"clientId":"B9CQGwnGJWsBhg6PAAOv"}
2026-04-14T23:55:05.471Z [ERROR] [EventsGateway] Client connected without token {"clientId":"MeIqq0CqqaSL0xcxAAOx"}
2026-04-14T23:55:05.487Z [ERROR] [EventsGateway] Client connected without token {"clientId":"tQQb4VQ2O_aHzBJ8AAOz"}
2026-04-14T23:55:05.503Z [ERROR] [EventsGateway] Client connected without token {"clientId":"mG0IOqNHT9xpQqOcAAO1"}
2026-04-14T23:55:05.517Z [ERROR] [EventsGateway] Client connected without token {"clientId":"KLJmmC1WEJD4G6iWAAO3"}
2026-04-14T23:55:05.534Z [ERROR] [EventsGateway] Client connected without token {"clientId":"Rv6JIesIcA7E_mGUAAO5"}
2026-04-14T23:55:05.549Z [ERROR] [EventsGateway] Client connected without token {"clientId":"U6IA7-XO6Qg18HJOAAO7"}
2026-04-14T23:55:05.561Z [ERROR] [EventsGateway] Client connected without token {"clientId":"mMqCC2dyyR2lXHLEAAO9"}
2026-04-14T23:55:05.576Z [ERROR] [EventsGateway] Client connected without token {"clientId":"qEhzeyYoxYYJAlGsAAO_"}
2026-04-14T23:55:05.590Z [ERROR] [EventsGateway] Client connected without token {"clientId":"3_p6lxrgOisO_27AAAPB"}
2026-04-14T23:55:05.605Z [ERROR] [EventsGateway] Client connected without token {"clientId":"dFtt50zjPyD4HsV4AAPD"}
2026-04-14T23:55:05.618Z [ERROR] [EventsGateway] Client connected without token {"clientId":"KaEMi1rXovEn-LqMAAPF"}
2026-04-14T23:55:05.632Z [ERROR] [EventsGateway] Client connected without token {"clientId":"jK7QJxtm2-1yMi31AAPH"}
2026-04-14T23:55:05.647Z [ERROR] [EventsGateway] Client connected without token {"clientId":"VAYil69_1jcef_EQAAPJ"}
2026-04-14T23:55:05.663Z [ERROR] [EventsGateway] Client connected without token {"clientId":"tV-ZvfbLRdJX-kzeAAPL"}
2026-04-14T23:55:05.677Z [ERROR] [EventsGateway] Client connected without token {"clientId":"JczQyJltOrkvB075AAPN"}
2026-04-14T23:55:05.690Z [ERROR] [EventsGateway] Client connected without token {"clientId":"cag0QMPKADzgOm2GAAPP"}
2026-04-14T23:55:05.710Z [ERROR] [EventsGateway] Client connected without token {"clientId":"khPDBW5dkfRhM6AyAAPR"}
2026-04-14T23:55:05.723Z [ERROR] [EventsGateway] Client connected without token {"clientId":"YAU0bVhB3WV665mPAAPT"}
2026-04-14T23:55:05.739Z [ERROR] [EventsGateway] Client connected without token {"clientId":"ES7_L0mQdO8lmO-zAAPV"}
2026-04-14T23:55:05.755Z [ERROR] [EventsGateway] Client connected without token {"clientId":"Hu7JEng_R-ZD_noyAAPX"}
2026-04-14T23:55:05.768Z [ERROR] [EventsGateway] Client connected without token {"clientId":"sLtxgx5jRN_k9wkUAAPZ"}
2026-04-14T23:55:05.783Z [ERROR] [EventsGateway] Client connected without token {"clientId":"nZtjNrQiINB21z8lAAPb"}
2026-04-14T23:55:05.798Z [ERROR] [EventsGateway] Client connected without token {"clientId":"5Yo5QP7KAtb4iX0lAAPd"}
2026-04-14T23:55:05.814Z [ERROR] [EventsGateway] Client connected without token {"clientId":"ZY4fOxF67EbOwCrGAAPf"}
2026-04-14T23:55:05.829Z [ERROR] [EventsGateway] Client connected without token {"clientId":"xuk0WyDql2s2W_MdAAPh"}
2026-04-14T23:55:05.844Z [ERROR] [EventsGateway] Client connected without token {"clientId":"TOmFgMVDGbnupFZgAAPj"}
2026-04-14T23:55:05.856Z [ERROR] [EventsGateway] Client connected without token {"clientId":"gLapkcRXQWmszGnyAAPl"}
2026-04-14T23:55:05.872Z [ERROR] [EventsGateway] Client connected without token {"clientId":"SX5mK-i76bHN5qVOAAPn"}
2026-04-14T23:55:05.884Z [ERROR] [EventsGateway] Client connected without token {"clientId":"xlAC5W6cXL6ouOe6AAPp"}
2026-04-14T23:55:05.901Z [ERROR] [EventsGateway] Client connected without token {"clientId":"rV0BhqMi1n9QGDqDAAPr"}
2026-04-14T23:55:05.920Z [ERROR] [EventsGateway] Client connected without token {"clientId":"gyNAFDG0teZg5QUdAAPt"}
2026-04-14T23:55:05.936Z [ERROR] [EventsGateway] Client connected without token {"clientId":"adwRQSAxMFJV-NqNAAPv"}
2026-04-14T23:55:05.949Z [ERROR] [EventsGateway] Client connected without token {"clientId":"zCSW92VajrL8cWo_AAPx"}
2026-04-14T23:55:05.965Z [ERROR] [EventsGateway] Client connected without token {"clientId":"s7JcEi5hZdRSxF0uAAPz"}
2026-04-14T23:55:05.980Z [ERROR] [EventsGateway] Client connected without token {"clientId":"_ONO5sa9Mq1nuC_0AAP1"}
2026-04-14T23:55:05.993Z [ERROR] [EventsGateway] Client connected without token {"clientId":"Ck5wHjOMpE5jsq2WAAP3"}
2026-04-14T23:55:06.007Z [ERROR] [EventsGateway] Client connected without token {"clientId":"FSD7vIZ2YCVNIsXAAAP5"}
2026-04-14T23:55:06.023Z [ERROR] [EventsGateway] Client connected without token {"clientId":"qnfyl3F8gcX6v_wXAAP7"}
2026-04-14T23:55:06.040Z [ERROR] [EventsGateway] Client connected without token {"clientId":"qJuX11GYTu3-89UeAAP9"}
2026-04-14T23:55:06.051Z [ERROR] [EventsGateway] Client connected without token {"clientId":"TAzDkwl4ngtN3vYGAAP_"}
2026-04-14T23:55:06.064Z [ERROR] [EventsGateway] Client connected without token {"clientId":"4Zl9-Ar0e_a66skNAAQB"}
2026-04-14T23:55:06.079Z [ERROR] [EventsGateway] Client connected without token {"clientId":"OsICkU7OVk1rteXUAAQD"}
2026-04-14T23:55:06.093Z [ERROR] [EventsGateway] Client connected without token {"clientId":"XgXl6PIiCT6PR98zAAQF"}
2026-04-14T23:55:06.109Z [ERROR] [EventsGateway] Client connected without token {"clientId":"hJNclfSeTzrbbfjhAAQH"}
2026-04-14T23:55:06.123Z [ERROR] [EventsGateway] Client connected without token {"clientId":"gkrJRX70URvBdGi4AAQJ"}
2026-04-14T23:55:06.136Z [ERROR] [EventsGateway] Client connected without token {"clientId":"Vl4TsML3uUabEyioAAQL"}
2026-04-14T23:55:06.151Z [ERROR] [EventsGateway] Client connected without token {"clientId":"YRbdRb4F0UCkdeeXAAQN"}
2026-04-14T23:55:06.165Z [ERROR] [EventsGateway] Client connected without token {"clientId":"K2Gyu4o9iDi6n8icAAQP"}
2026-04-14T23:55:06.180Z [ERROR] [EventsGateway] Client connected without token {"clientId":"WL_mhvX8ZVl1lvyHAAQR"}
2026-04-14T23:55:06.196Z [ERROR] [EventsGateway] Client connected without token {"clientId":"O048smHJjHdujk3WAAQT"}
2026-04-14T23:55:06.210Z [ERROR] [EventsGateway] Client connected without token {"clientId":"00SxqydYmwbGIu7SAAQV"}
2026-04-14T23:55:06.224Z [ERROR] [EventsGateway] Client connected without token {"clientId":"4zD7oRIwBH0w8IDyAAQX"}
2026-04-14T23:55:06.237Z [ERROR] [EventsGateway] Client connected without token {"clientId":"uH_w0Ol6PaLoTL-_AAQZ"}
2026-04-14T23:55:06.252Z [ERROR] [EventsGateway] Client connected without token {"clientId":"M55w5rPvoh4MMh8SAAQb"}
2026-04-14T23:55:06.266Z [ERROR] [EventsGateway] Client connected without token {"clientId":"KC89UQojkwLW-L6BAAQd"}
2026-04-14T23:55:06.282Z [ERROR] [EventsGateway] Client connected without token {"clientId":"z2D751IGuOefKG9JAAQf"}
2026-04-14T23:55:06.298Z [ERROR] [EventsGateway] Client connected without token {"clientId":"scidzbd3v7PGR4FLAAQh"}
2026-04-14T23:55:06.313Z [ERROR] [EventsGateway] Client connected without token {"clientId":"KwrEH6DVmdk53902AAQj"}
2026-04-14T23:55:06.327Z [ERROR] [EventsGateway] Client connected without token {"clientId":"k_UYopHJwn53me9JAAQl"}
2026-04-14T23:55:06.340Z [ERROR] [EventsGateway] Client connected without token {"clientId":"E1ZRa-i7zwkUo_GpAAQn"}
2026-04-14T23:55:06.355Z [ERROR] [EventsGateway] Client connected without token {"clientId":"eGQ5Lba9V-KI3dpgAAQp"}
2026-04-14T23:55:06.370Z [ERROR] [EventsGateway] Client connected without token {"clientId":"LMb72apnh4O2PWVaAAQr"}
2026-04-14T23:55:06.384Z [ERROR] [EventsGateway] Client connected without token {"clientId":"K7h9aB47yCk5K2ZTAAQt"}
2026-04-14T23:55:06.400Z [ERROR] [EventsGateway] Client connected without token {"clientId":"PuMg-tVSJ1aPdnHAAAQv"}
2026-04-14T23:55:06.416Z [ERROR] [EventsGateway] Client connected without token {"clientId":"rNAP2E1cMfHdrHoOAAQx"}
2026-04-14T23:55:06.431Z [ERROR] [EventsGateway] Client connected without token {"clientId":"NM6NCKtxBPsJxipeAAQz"}
2026-04-14T23:55:06.466Z [ERROR] [EventsGateway] Client connected without token {"clientId":"bqPzcNeQ2PPwAcvFAAQ1"}
2026-04-14T23:55:06.475Z [ERROR] [EventsGateway] Client connected without token {"clientId":"feLeWkZojM_dGuNCAAQ3"}
2026-04-14T23:55:06.489Z [ERROR] [EventsGateway] Client connected without token {"clientId":"Tqo8XwPuF9ByZtS8AAQ5"}
2026-04-14T23:55:06.502Z [ERROR] [EventsGateway] Client connected without token {"clientId":"nbOWhrIeLzS_oiLDAAQ7"}
2026-04-14T23:55:06.516Z [ERROR] [EventsGateway] Client connected without token {"clientId":"jN7TBMlkN8dUPHiGAAQ9"}
2026-04-14T23:55:06.530Z [ERROR] [EventsGateway] Client connected without token {"clientId":"-XRe1SMcjSCxR27KAAQ_"}
2026-04-14T23:55:06.545Z [ERROR] [EventsGateway] Client connected without token {"clientId":"5xs1Fwd8tB42rntfAARB"}
2026-04-14T23:55:06.560Z [ERROR] [EventsGateway] Client connected without token {"clientId":"EF50WZ8dF92ofWSxAARD"}
2026-04-14T23:55:06.576Z [ERROR] [EventsGateway] Client connected without token {"clientId":"lFy-xH8Lr-DhMgFEAARF"}
2026-04-14T23:55:06.591Z [ERROR] [EventsGateway] Client connected without token {"clientId":"D8y_i8_ncNKO2-uTAARH"}
2026-04-14T23:55:06.606Z [ERROR] [EventsGateway] Client connected without token {"clientId":"qpizbt-CTeh-oCJ7AARJ"}
2026-04-14T23:55:06.622Z [ERROR] [EventsGateway] Client connected without token {"clientId":"KLbdsQP2BIdQlcm8AARL"}
2026-04-14T23:55:06.637Z [ERROR] [EventsGateway] Client connected without token {"clientId":"O5-7F8oKh1ogTdu2AARN"}
2026-04-14T23:55:06.649Z [ERROR] [EventsGateway] Client connected without token {"clientId":"w4JtBfkrA7JJCfC7AARP"}
2026-04-14T23:55:06.664Z [ERROR] [EventsGateway] Client connected without token {"clientId":"iHG7DlrYRawXq4fFAARR"}
2026-04-14T23:55:06.679Z [ERROR] [EventsGateway] Client connected without token {"clientId":"G26Zuo-J-3MhZtkbAART"}
2026-04-14T23:55:06.692Z [ERROR] [EventsGateway] Client connected without token {"clientId":"Zjj-DkvsR0Z8F2d9AARV"}
2026-04-14T23:55:06.708Z [ERROR] [EventsGateway] Client connected without token {"clientId":"kxV-2grgMgAUh8yaAARX"}
2026-04-14T23:55:06.724Z [ERROR] [EventsGateway] Client connected without token {"clientId":"diDWJI0RKc2jAJbTAARZ"}
2026-04-14T23:55:06.736Z [ERROR] [EventsGateway] Client connected without token {"clientId":"7_5PF5rKLmbWQT_KAARb"}
2026-04-14T23:55:06.751Z [ERROR] [EventsGateway] Client connected without token {"clientId":"dxCx1-qIOBPPbt8TAARd"}
2026-04-14T23:55:06.766Z [ERROR] [EventsGateway] Client connected without token {"clientId":"HTGcmmAvJyNSn95pAARf"}
2026-04-14T23:55:06.779Z [ERROR] [EventsGateway] Client connected without token {"clientId":"_Fh0-oyI8vuYzyLCAARh"}
2026-04-14T23:55:06.804Z [ERROR] [EventsGateway] Client connected without token {"clientId":"4USbqNap4C0neDaRAARj"}
2026-04-14T23:55:06.819Z [ERROR] [EventsGateway] Client connected without token {"clientId":"BeBgzoh4KpmUXKFeAARl"}
2026-04-14T23:55:06.832Z [ERROR] [EventsGateway] Client connected without token {"clientId":"9nI3sJh2E4aL2ariAARn"}
2026-04-14T23:55:06.851Z [ERROR] [EventsGateway] Client connected without token {"clientId":"cxpauTFVIL3uuINXAARp"}
2026-04-14T23:55:06.869Z [ERROR] [EventsGateway] Client connected without token {"clientId":"p-BylEZKK5AS4m69AARr"}
2026-04-14T23:55:06.883Z [ERROR] [EventsGateway] Client connected without token {"clientId":"DK-V_C1mrdJCjyt3AARt"}
2026-04-14T23:55:06.901Z [ERROR] [EventsGateway] Client connected without token {"clientId":"zi0q3-8elFWhAX9xAARv"}
2026-04-14T23:55:06.920Z [ERROR] [EventsGateway] Client connected without token {"clientId":"YzYrwqh7WJ2N6iO-AARx"}
2026-04-14T23:55:06.934Z [ERROR] [EventsGateway] Client connected without token {"clientId":"CaCd5w1nblB9OwzdAARz"}
2026-04-14T23:55:06.950Z [ERROR] [EventsGateway] Client connected without token {"clientId":"xBvarvMbhRVPeTs1AAR1"}
2026-04-14T23:55:06.964Z [ERROR] [EventsGateway] Client connected without token {"clientId":"FgNZphnRVxuxUecCAAR3"}
2026-04-14T23:55:06.983Z [ERROR] [EventsGateway] Client connected without token {"clientId":"xsNuSV1BieEsFYazAAR5"}
2026-04-14T23:55:06.998Z [ERROR] [EventsGateway] Client connected without token {"clientId":"HFo4m79OxLqYtFTjAAR7"}
2026-04-14T23:55:07.010Z [ERROR] [EventsGateway] Client connected without token {"clientId":"55y8jmR35K2bnPRRAAR9"}
2026-04-14T23:55:07.026Z [ERROR] [EventsGateway] Client connected without token {"clientId":"luvnuFVYFK1CLl5FAAR_"}
2026-04-14T23:55:07.077Z [ERROR] [EventsGateway] Client connected without token {"clientId":"wFVAMcRUB6_UgkyPAASB"}
2026-04-14T23:55:07.093Z [ERROR] [EventsGateway] Client connected without token {"clientId":"K37etTfd5IrOsbisAASD"}
2026-04-14T23:55:07.111Z [ERROR] [EventsGateway] Client connected without token {"clientId":"8pv2SLKIFJyWNiEyAASF"}
2026-04-14T23:55:07.126Z [ERROR] [EventsGateway] Client connected without token {"clientId":"3KqB6qxT0JnZaS1pAASH"}
2026-04-14T23:55:07.149Z [ERROR] [EventsGateway] Client connected without token {"clientId":"ek2v2PsvtntM1DFJAASJ"}
2026-04-14T23:55:07.165Z [ERROR] [EventsGateway] Client connected without token {"clientId":"ueaTCGtmQ0OX1PsAAASL"}
2026-04-14T23:55:07.183Z [ERROR] [EventsGateway] Client connected without token {"clientId":"vOloyr9DhftOkJvmAASN"}
2026-04-14T23:55:07.198Z [ERROR] [EventsGateway] Client connected without token {"clientId":"Pklh2oYF6yjPZUUVAASP"}
2026-04-14T23:55:07.212Z [ERROR] [EventsGateway] Client connected without token {"clientId":"KVDf6-jjhKl06qvuAASR"}
2026-04-14T23:55:07.228Z [ERROR] [EventsGateway] Client connected without token {"clientId":"wFdDA28lMh0d8HK7AAST"}
2026-04-14T23:55:07.242Z [ERROR] [EventsGateway] Client connected without token {"clientId":"mQhhhW_MGmPM0uXaAASV"}
2026-04-14T23:55:07.259Z [ERROR] [EventsGateway] Client connected without token {"clientId":"WBYE2wKDwSnLKeEcAASX"}
2026-04-14T23:55:07.275Z [ERROR] [EventsGateway] Client connected without token {"clientId":"ujXfYbWGz9kzOfK_AASZ"}
2026-04-14T23:55:07.292Z [ERROR] [EventsGateway] Client connected without token {"clientId":"9qa_rUmV5o_joFgXAASb"}
2026-04-14T23:55:07.308Z [ERROR] [EventsGateway] Client connected without token {"clientId":"22pkmvgQ0RGupXSYAASd"}
2026-04-14T23:55:07.324Z [ERROR] [EventsGateway] Client connected without token {"clientId":"f4I82EL4OKghRc1RAASf"}
2026-04-14T23:55:07.350Z [ERROR] [EventsGateway] Client connected without token {"clientId":"3G5IzbP5qIP_g408AASh"}
2026-04-14T23:55:07.360Z [ERROR] [EventsGateway] Client connected without token {"clientId":"wEhKeD1rYhS1qOidAASj"}
2026-04-14T23:55:07.373Z [ERROR] [EventsGateway] Client connected without token {"clientId":"Nq9aalXZ6Qux3cgcAASl"}
2026-04-14T23:55:07.389Z [ERROR] [EventsGateway] Client connected without token {"clientId":"WJsQDXBlMDzpeM9qAASn"}
2026-04-14T23:55:07.401Z [ERROR] [EventsGateway] Client connected without token {"clientId":"nQOkUEFIgUT_06SpAASp"}
2026-04-14T23:55:07.415Z [ERROR] [EventsGateway] Client connected without token {"clientId":"bobVlUuT4tFGBXKAAASr"}
2026-04-14T23:55:07.433Z [ERROR] [EventsGateway] Client connected without token {"clientId":"GaclOdciu3BL4bc-AASt"}
2026-04-14T23:55:07.443Z [ERROR] [EventsGateway] Client connected without token {"clientId":"zndCzpwNYGc1o8O_AASv"}
2026-04-14T23:55:07.455Z [ERROR] [EventsGateway] Client connected without token {"clientId":"DiS7ThzXPs0CFoZQAASx"}
2026-04-14T23:55:07.469Z [ERROR] [EventsGateway] Client connected without token {"clientId":"uTpORmc5LqQJjK9XAASz"}
2026-04-14T23:55:07.482Z [ERROR] [EventsGateway] Client connected without token {"clientId":"s_mKdKcMQ6oGooJ0AAS1"}
2026-04-14T23:55:07.495Z [ERROR] [EventsGateway] Client connected without token {"clientId":"47gsOHkrNiuZo6FGAAS3"}
2026-04-14T23:55:07.510Z [ERROR] [EventsGateway] Client connected without token {"clientId":"aobpG49uxiHczLcfAAS5"}
2026-04-14T23:55:07.523Z [ERROR] [EventsGateway] Client connected without token {"clientId":"4PdYZlUKZg2w9BKgAAS7"}
2026-04-14T23:55:07.538Z [ERROR] [EventsGateway] Client connected without token {"clientId":"1vvI7asef7frAS3_AAS9"}
2026-04-14T23:55:07.551Z [ERROR] [EventsGateway] Client connected without token {"clientId":"R6WEexmD5e3xVohzAAS_"}
2026-04-14T23:55:07.565Z [ERROR] [EventsGateway] Client connected without token {"clientId":"SHgjUNf3gs20hb8wAATB"}
2026-04-14T23:55:07.581Z [ERROR] [EventsGateway] Client connected without token {"clientId":"iAJNCzrGdP5TS-OmAATD"}
2026-04-14T23:55:07.596Z [ERROR] [EventsGateway] Client connected without token {"clientId":"zJNfqQ85YDlogL1HAATF"}
2026-04-14T23:55:07.610Z [ERROR] [EventsGateway] Client connected without token {"clientId":"pWFMF0SLV9YzsDPiAATH"}
2026-04-14T23:55:07.623Z [ERROR] [EventsGateway] Client connected without token {"clientId":"byVmUpB5luym_ZIYAATJ"}
2026-04-14T23:55:07.637Z [ERROR] [EventsGateway] Client connected without token {"clientId":"wc0emxP5pFalsl1hAATL"}
2026-04-14T23:55:07.651Z [ERROR] [EventsGateway] Client connected without token {"clientId":"Vkt20mMPB0_f867eAATN"}
2026-04-14T23:55:07.666Z [ERROR] [EventsGateway] Client connected without token {"clientId":"H5BBIIq-EroUoLp9AATP"}
2026-04-14T23:55:07.681Z [ERROR] [EventsGateway] Client connected without token {"clientId":"4U9VHxt0HDFbJ-mVAATR"}
2026-04-14T23:55:07.694Z [ERROR] [EventsGateway] Client connected without token {"clientId":"rP3RORRTAlR05IB2AATT"}
2026-04-14T23:55:07.708Z [ERROR] [EventsGateway] Client connected without token {"clientId":"nHm1tY2LG8CCXB8qAATV"}
2026-04-14T23:55:07.723Z [ERROR] [EventsGateway] Client connected without token {"clientId":"fPjIcpk71jxMWM-xAATX"}
2026-04-14T23:55:07.738Z [ERROR] [EventsGateway] Client connected without token {"clientId":"Kdn2HDdXKNoTN46kAATZ"}
2026-04-14T23:55:07.753Z [ERROR] [EventsGateway] Client connected without token {"clientId":"DMX0NFHJz3k45DSsAATb"}
2026-04-14T23:55:07.769Z [ERROR] [EventsGateway] Client connected without token {"clientId":"OZwcPtwm0y-NmgxkAATd"}
2026-04-14T23:55:07.782Z [ERROR] [EventsGateway] Client connected without token {"clientId":"P4BGhha6BX4Hq_u_AATf"}
2026-04-14T23:55:07.797Z [ERROR] [EventsGateway] Client connected without token {"clientId":"QXxPS3d1gawv66ZxAATh"}
2026-04-14T23:55:07.812Z [ERROR] [EventsGateway] Client connected without token {"clientId":"yUWJ2W041mgglHu1AATj"}
2026-04-14T23:55:07.827Z [ERROR] [EventsGateway] Client connected without token {"clientId":"Lx1J7nywIHxNYCOoAATl"}
2026-04-14T23:55:07.840Z [ERROR] [EventsGateway] Client connected without token {"clientId":"BILmOiV4QiRhxNTcAATn"}
2026-04-14T23:55:07.856Z [ERROR] [EventsGateway] Client connected without token {"clientId":"6Eot6tWHP1A4h6A1AATp"}
2026-04-14T23:55:07.870Z [ERROR] [EventsGateway] Client connected without token {"clientId":"2JVBz1UrCpcYIjnFAATr"}
2026-04-14T23:55:07.885Z [ERROR] [EventsGateway] Client connected without token {"clientId":"LAWIQpJyUyXgWE64AATt"}
2026-04-14T23:55:07.899Z [ERROR] [EventsGateway] Client connected without token {"clientId":"07pvWNNBQpBVVOTbAATv"}
2026-04-14T23:55:07.915Z [ERROR] [EventsGateway] Client connected without token {"clientId":"_xP62MXYjuHbCc2iAATx"}
2026-04-14T23:55:07.930Z [ERROR] [EventsGateway] Client connected without token {"clientId":"S9HNGQJftACVm42CAATz"}
2026-04-14T23:55:07.944Z [ERROR] [EventsGateway] Client connected without token {"clientId":"p9SXE_CoHVw2Itw7AAT1"}
2026-04-14T23:55:07.959Z [ERROR] [EventsGateway] Client connected without token {"clientId":"dmyyz84wRgzYe_QVAAT3"}
2026-04-14T23:55:07.973Z [ERROR] [EventsGateway] Client connected without token {"clientId":"75zZsjdGlEanxxCAAAT5"}
2026-04-14T23:55:07.989Z [ERROR] [EventsGateway] Client connected without token {"clientId":"sjV1HHURFBmaSvRcAAT7"}
2026-04-14T23:55:08.004Z [ERROR] [EventsGateway] Client connected without token {"clientId":"QZ4XZZ4ntX6BW8CqAAT9"}
2026-04-14T23:55:08.018Z [ERROR] [EventsGateway] Client connected without token {"clientId":"zpwaCXpp-P3MZ1ReAAT_"}
2026-04-14T23:55:08.032Z [ERROR] [EventsGateway] Client connected without token {"clientId":"8921h6eEJ4F-o8UcAAUB"}
2026-04-14T23:55:08.048Z [ERROR] [EventsGateway] Client connected without token {"clientId":"MjFf7bcP91yAbt8qAAUD"}
2026-04-14T23:55:08.063Z [ERROR] [EventsGateway] Client connected without token {"clientId":"S4XJhZSokHJjJauXAAUF"}
2026-04-14T23:55:08.078Z [ERROR] [EventsGateway] Client connected without token {"clientId":"hgDAPy-GG96hK8BXAAUH"}
2026-04-14T23:55:08.094Z [ERROR] [EventsGateway] Client connected without token {"clientId":"kKrDLHQNSTo2wSQaAAUJ"}
2026-04-14T23:55:08.114Z [ERROR] [EventsGateway] Client connected without token {"clientId":"cp9njy6BAKAjAh16AAUL"}
2026-04-14T23:55:08.127Z [ERROR] [EventsGateway] Client connected without token {"clientId":"KHSnS8UADGTB7NVOAAUN"}
2026-04-14T23:55:08.141Z [ERROR] [EventsGateway] Client connected without token {"clientId":"nip3KYuhFWzlKWa7AAUP"}
2026-04-14T23:55:08.157Z [ERROR] [EventsGateway] Client connected without token {"clientId":"q7ehNC_r7HfMsyfXAAUR"}
2026-04-14T23:55:08.172Z [ERROR] [EventsGateway] Client connected without token {"clientId":"47I6-VI06lKxjSYQAAUT"}
2026-04-14T23:55:08.188Z [ERROR] [EventsGateway] Client connected without token {"clientId":"KF1qhcrwbsybSsT3AAUV"}
2026-04-14T23:55:08.201Z [ERROR] [EventsGateway] Client connected without token {"clientId":"Lk_wuk0Hcvo1WuxYAAUX"}
2026-04-14T23:55:08.215Z [ERROR] [EventsGateway] Client connected without token {"clientId":"gkuc6IMjTv8KwDCLAAUZ"}
2026-04-14T23:55:08.232Z [ERROR] [EventsGateway] Client connected without token {"clientId":"sVbxAAwFb0prwhH4AAUb"}
2026-04-14T23:55:08.243Z [ERROR] [EventsGateway] Client connected without token {"clientId":"GPavFET3pY85Jh2HAAUd"}
2026-04-14T23:55:08.258Z [ERROR] [EventsGateway] Client connected without token {"clientId":"a5oMg-BfiGG193OQAAUf"}
2026-04-14T23:55:08.272Z [ERROR] [EventsGateway] Client connected without token {"clientId":"FPaFCRQh4fdzySdsAAUh"}
2026-04-14T23:55:08.286Z [ERROR] [EventsGateway] Client connected without token {"clientId":"aX_8ChHWtqYuohHyAAUj"}
2026-04-14T23:55:08.299Z [ERROR] [EventsGateway] Client connected without token {"clientId":"CwFc1RjFrf0InQIVAAUl"}
2026-04-14T23:55:08.318Z [ERROR] [EventsGateway] Client connected without token {"clientId":"7gm-0sCw0Ty-1z1YAAUn"}
2026-04-14T23:55:08.333Z [ERROR] [EventsGateway] Client connected without token {"clientId":"LEAyjpv9E5gJmfkpAAUp"}
2026-04-14T23:55:08.349Z [ERROR] [EventsGateway] Client connected without token {"clientId":"Y4RToGs-1TfUhuh5AAUr"}
2026-04-14T23:55:08.362Z [ERROR] [EventsGateway] Client connected without token {"clientId":"cScYcR44_OSvyhN8AAUt"}
2026-04-14T23:55:08.378Z [ERROR] [EventsGateway] Client connected without token {"clientId":"-IKPzG60MSFHi_DOAAUv"}
2026-04-14T23:55:08.392Z [ERROR] [EventsGateway] Client connected without token {"clientId":"9C6a_bGNsvXmSyppAAUx"}
2026-04-14T23:55:08.408Z [ERROR] [EventsGateway] Client connected without token {"clientId":"RIxlqqGHdMn83UpxAAUz"}
2026-04-14T23:55:08.425Z [ERROR] [EventsGateway] Client connected without token {"clientId":"Q_FSeLkR8TrVQ22fAAU1"}
2026-04-14T23:55:08.439Z [ERROR] [EventsGateway] Client connected without token {"clientId":"eJPiEEIELNbL3JCxAAU3"}
2026-04-14T23:55:08.455Z [ERROR] [EventsGateway] Client connected without token {"clientId":"08PZpQTQP6X9yxcdAAU5"}
2026-04-14T23:55:08.469Z [ERROR] [EventsGateway] Client connected without token {"clientId":"irzY9j_-uZXhg99rAAU7"}
2026-04-14T23:55:08.483Z [ERROR] [EventsGateway] Client connected without token {"clientId":"xArWndQRRGDo53mlAAU9"}
2026-04-14T23:55:08.501Z [ERROR] [EventsGateway] Client connected without token {"clientId":"VYVoG0Zj-lh7OTCgAAU_"}
2026-04-14T23:55:08.516Z [ERROR] [EventsGateway] Client connected without token {"clientId":"0eYcqQ-Ok-RqucakAAVB"}
2026-04-14T23:55:08.529Z [ERROR] [EventsGateway] Client connected without token {"clientId":"V3Xw401N-Lv2RljAAAVD"}
2026-04-14T23:55:08.544Z [ERROR] [EventsGateway] Client connected without token {"clientId":"m2llW4-urA_eoFtCAAVF"}
2026-04-14T23:55:08.557Z [ERROR] [EventsGateway] Client connected without token {"clientId":"-Nkb9-W5Y1vlc8pQAAVH"}
2026-04-14T23:55:08.572Z [ERROR] [EventsGateway] Client connected without token {"clientId":"t_MmLwmh5eSz4zAKAAVJ"}
2026-04-14T23:55:08.586Z [ERROR] [EventsGateway] Client connected without token {"clientId":"kNm8SIOGRevLPJlpAAVL"}
2026-04-14T23:55:08.599Z [ERROR] [EventsGateway] Client connected without token {"clientId":"-w9jTCn5BooxkbOiAAVN"}
2026-04-14T23:55:08.616Z [ERROR] [EventsGateway] Client connected without token {"clientId":"Re9U3M_7mHvN_4x4AAVP"}
2026-04-14T23:55:08.631Z [ERROR] [EventsGateway] Client connected without token {"clientId":"Ob6QiZiPl0NZpBfxAAVR"}
2026-04-14T23:55:08.646Z [ERROR] [EventsGateway] Client connected without token {"clientId":"HFcrnHMwe7yZP-1-AAVT"}
2026-04-14T23:55:08.660Z [ERROR] [EventsGateway] Client connected without token {"clientId":"5btNADbHhu6p0sIfAAVV"}
2026-04-14T23:55:08.674Z [ERROR] [EventsGateway] Client connected without token {"clientId":"s2wOqiVDL53ZottpAAVX"}
2026-04-14T23:55:08.686Z [ERROR] [EventsGateway] Client connected without token {"clientId":"BtPiq88zDVxDDtHEAAVZ"}
2026-04-14T23:55:08.700Z [ERROR] [EventsGateway] Client connected without token {"clientId":"hXgiYwUWBRkxF01OAAVb"}
2026-04-14T23:55:08.749Z [ERROR] [EventsGateway] Client connected without token {"clientId":"Wk7uCIWOgnOlNbtLAAVd"}
2026-04-14T23:55:08.764Z [ERROR] [EventsGateway] Client connected without token {"clientId":"6QJWyPg37-teD8lOAAVf"}
2026-04-14T23:55:08.776Z [ERROR] [EventsGateway] Client connected without token {"clientId":"6azQPcDsUeqdI4tyAAVh"}
2026-04-14T23:55:08.789Z [ERROR] [EventsGateway] Client connected without token {"clientId":"kSsNSCNOi6XhYgqXAAVj"}
2026-04-14T23:55:08.802Z [ERROR] [EventsGateway] Client connected without token {"clientId":"Q1bkzfZbjA6ZPp7iAAVl"}
2026-04-14T23:55:08.818Z [ERROR] [EventsGateway] Client connected without token {"clientId":"ssuKtkJJMrp92lo3AAVn"}
2026-04-14T23:55:08.831Z [ERROR] [EventsGateway] Client connected without token {"clientId":"FmCcqnsY3cz7UFCUAAVp"}
2026-04-14T23:55:08.843Z [ERROR] [EventsGateway] Client connected without token {"clientId":"x1IP0RR3qCJFsgjjAAVr"}
2026-04-14T23:55:08.857Z [ERROR] [EventsGateway] Client connected without token {"clientId":"effAJpOGvOYMKIcmAAVt"}
2026-04-14T23:55:08.872Z [ERROR] [EventsGateway] Client connected without token {"clientId":"TRl5EZ2S5puwNCUUAAVv"}
2026-04-14T23:55:08.887Z [ERROR] [EventsGateway] Client connected without token {"clientId":"dFQny6-gmkaOTu9gAAVx"}
2026-04-14T23:55:08.902Z [ERROR] [EventsGateway] Client connected without token {"clientId":"sflB03QxY5C93l8gAAVz"}
2026-04-14T23:55:08.916Z [ERROR] [EventsGateway] Client connected without token {"clientId":"L7h0I0mkgOf_-9qgAAV1"}
2026-04-14T23:55:08.933Z [ERROR] [EventsGateway] Client connected without token {"clientId":"M3t_AzvKAFl9HUIQAAV3"}
2026-04-14T23:55:08.948Z [ERROR] [EventsGateway] Client connected without token {"clientId":"cWsWhga1a1AwLHOSAAV5"}
2026-04-14T23:55:08.964Z [ERROR] [EventsGateway] Client connected without token {"clientId":"UPrfu2vtEfHqL8YQAAV7"}
2026-04-14T23:55:08.979Z [ERROR] [EventsGateway] Client connected without token {"clientId":"2k7dZngu8pUEszDYAAV9"}
2026-04-14T23:55:08.993Z [ERROR] [EventsGateway] Client connected without token {"clientId":"9LwxKwPTaDBMuLRPAAV_"}
2026-04-14T23:55:09.006Z [ERROR] [EventsGateway] Client connected without token {"clientId":"m9icGeJFEK8m7HkdAAWB"}
2026-04-14T23:55:09.021Z [ERROR] [EventsGateway] Client connected without token {"clientId":"cKh3Jhc03ZGj4fX1AAWD"}
2026-04-14T23:55:09.034Z [ERROR] [EventsGateway] Client connected without token {"clientId":"fezD0Gj9qtkcMxBQAAWF"}
2026-04-14T23:55:09.049Z [ERROR] [EventsGateway] Client connected without token {"clientId":"WrLcGnfF5kj2k-5yAAWH"}
2026-04-14T23:55:09.064Z [ERROR] [EventsGateway] Client connected without token {"clientId":"aI5TGGCRXQIw86c4AAWJ"}
2026-04-14T23:55:09.079Z [ERROR] [EventsGateway] Client connected without token {"clientId":"kRUVUR6iBmSFsY8nAAWL"}
2026-04-14T23:55:09.091Z [ERROR] [EventsGateway] Client connected without token {"clientId":"2Ig3oElOiQ77AnfqAAWN"}
2026-04-14T23:55:09.106Z [ERROR] [EventsGateway] Client connected without token {"clientId":"38yc_bLezCnRwQcoAAWP"}
2026-04-14T23:55:09.120Z [ERROR] [EventsGateway] Client connected without token {"clientId":"4WGRbjNJR4CYgzT7AAWR"}
2026-04-14T23:55:09.136Z [ERROR] [EventsGateway] Client connected without token {"clientId":"Q7h7HQRlP0cAnK7dAAWT"}
2026-04-14T23:55:09.153Z [ERROR] [EventsGateway] Client connected without token {"clientId":"WxLwqY3aD2nVc0alAAWV"}
2026-04-14T23:55:09.168Z [ERROR] [EventsGateway] Client connected without token {"clientId":"BsaC0psAZNl_mFyDAAWX"}
2026-04-14T23:55:09.182Z [ERROR] [EventsGateway] Client connected without token {"clientId":"3RlsXo5ma8hmBaX2AAWZ"}
2026-04-14T23:55:09.198Z [ERROR] [EventsGateway] Client connected without token {"clientId":"8e9hd06ZDxIQ-_tnAAWb"}
2026-04-14T23:55:09.213Z [ERROR] [EventsGateway] Client connected without token {"clientId":"7Aq-NAvxiGjCp_jbAAWd"}
2026-04-14T23:55:09.226Z [ERROR] [EventsGateway] Client connected without token {"clientId":"H5jBuGIbmfascXCkAAWf"}
2026-04-14T23:55:09.239Z [ERROR] [EventsGateway] Client connected without token {"clientId":"WrBrz9SRxgqr5i9iAAWh"}
2026-04-14T23:55:09.255Z [ERROR] [EventsGateway] Client connected without token {"clientId":"N2_kJr-10bVJlymVAAWj"}
2026-04-14T23:55:09.268Z [ERROR] [EventsGateway] Client connected without token {"clientId":"7usRoMHnYn73pCDCAAWl"}
2026-04-14T23:55:09.282Z [ERROR] [EventsGateway] Client connected without token {"clientId":"BMqa0TRfGdFQsix7AAWn"}
2026-04-14T23:55:09.298Z [ERROR] [EventsGateway] Client connected without token {"clientId":"7aL2Tgt5p1kZDq-FAAWp"}
2026-04-14T23:55:09.312Z [ERROR] [EventsGateway] Client connected without token {"clientId":"0akW97qlZcqSP2D_AAWr"}
2026-04-14T23:55:09.327Z [ERROR] [EventsGateway] Client connected without token {"clientId":"cKmmlH4zfBFtLJ8WAAWt"}
2026-04-14T23:55:09.340Z [ERROR] [EventsGateway] Client connected without token {"clientId":"n452mV9rEHYbClEzAAWv"}
2026-04-14T23:55:09.354Z [ERROR] [EventsGateway] Client connected without token {"clientId":"3N1okSCXNiKlUgt6AAWx"}
2026-04-14T23:55:09.374Z [ERROR] [EventsGateway] Client connected without token {"clientId":"z6MxzPlQeIZQsusWAAWz"}
2026-04-14T23:55:09.387Z [ERROR] [EventsGateway] Client connected without token {"clientId":"OUN-9b4a2NKx1QGmAAW1"}
2026-04-14T23:55:09.402Z [ERROR] [EventsGateway] Client connected without token {"clientId":"fNtjbcbPj7i7VGsYAAW3"}
2026-04-14T23:55:09.418Z [ERROR] [EventsGateway] Client connected without token {"clientId":"24F7FGpTM90LeTmVAAW5"}
2026-04-14T23:55:09.428Z [ERROR] [EventsGateway] Client connected without token {"clientId":"rJMGCHOF3GexvLIzAAW7"}
2026-04-14T23:55:09.441Z [ERROR] [EventsGateway] Client connected without token {"clientId":"nlcEsc2PUwppcjnNAAW9"}
2026-04-14T23:55:09.455Z [ERROR] [EventsGateway] Client connected without token {"clientId":"MBwK8_VLokSesIZ6AAW_"}
2026-04-14T23:55:09.469Z [ERROR] [EventsGateway] Client connected without token {"clientId":"hjrZTY9_hQkKBmVhAAXB"}
2026-04-14T23:55:09.484Z [ERROR] [EventsGateway] Client connected without token {"clientId":"xSfty7phavONukuBAAXD"}
2026-04-14T23:55:09.498Z [ERROR] [EventsGateway] Client connected without token {"clientId":"x0BsWpxV0u3xe9HZAAXF"}
2026-04-14T23:55:09.510Z [ERROR] [EventsGateway] Client connected without token {"clientId":"2x9hVwHuRQIM4fCDAAXH"}
2026-04-14T23:55:09.522Z [ERROR] [EventsGateway] Client connected without token {"clientId":"absALcn1ZtF6iIxOAAXJ"}
2026-04-14T23:55:09.540Z [ERROR] [EventsGateway] Client connected without token {"clientId":"RQ1UqAUw3Q1AeU17AAXL"}
2026-04-14T23:55:09.553Z [ERROR] [EventsGateway] Client connected without token {"clientId":"KjMg31qr_P9eit7wAAXN"}
2026-04-14T23:55:09.564Z [ERROR] [EventsGateway] Client connected without token {"clientId":"zAof-mZkTMWsZqGHAAXP"}
2026-04-14T23:55:09.576Z [ERROR] [EventsGateway] Client connected without token {"clientId":"UwtA-AUQ5m2nsc0XAAXR"}
2026-04-14T23:55:09.599Z [ERROR] [EventsGateway] Client connected without token {"clientId":"lMsjfEDrIM5EGgBwAAXT"}
2026-04-14T23:55:09.604Z [ERROR] [EventsGateway] Client connected without token {"clientId":"j4nURwQqyIlyTYRPAAXV"}
2026-04-14T23:55:09.616Z [ERROR] [EventsGateway] Client connected without token {"clientId":"Y-N2cp32DG1x32TtAAXX"}
2026-04-14T23:55:09.631Z [ERROR] [EventsGateway] Client connected without token {"clientId":"bqJ9G7OJ8shbwhiCAAXZ"}
2026-04-14T23:55:09.643Z [ERROR] [EventsGateway] Client connected without token {"clientId":"h_PP1tPBoeZWSWLZAAXb"}
2026-04-14T23:55:09.656Z [ERROR] [EventsGateway] Client connected without token {"clientId":"TfjOCTzPlW7ll1PsAAXd"}
2026-04-14T23:55:09.669Z [ERROR] [EventsGateway] Client connected without token {"clientId":"65qmvOyQNeYJx0C-AAXf"}
2026-04-14T23:55:09.682Z [ERROR] [EventsGateway] Client connected without token {"clientId":"bu79bInH4lMacI7kAAXh"}
2026-04-14T23:55:09.697Z [ERROR] [EventsGateway] Client connected without token {"clientId":"dWbnISvx3D7FOAPTAAXj"}
2026-04-14T23:55:09.711Z [ERROR] [EventsGateway] Client connected without token {"clientId":"8CzN9qhFx_v3vXkRAAXl"}
2026-04-14T23:55:09.726Z [ERROR] [EventsGateway] Client connected without token {"clientId":"1YRQejG2_9SSM2xXAAXn"}
2026-04-14T23:55:09.739Z [ERROR] [EventsGateway] Client connected without token {"clientId":"-dT4KWOZOGB73HmMAAXp"}
2026-04-14T23:55:09.752Z [ERROR] [EventsGateway] Client connected without token {"clientId":"VpAzLWSROyGJUJ4pAAXr"}
2026-04-14T23:55:09.764Z [ERROR] [EventsGateway] Client connected without token {"clientId":"Ti4xHM9SgV3wpIUQAAXt"}
2026-04-14T23:55:09.779Z [ERROR] [EventsGateway] Client connected without token {"clientId":"Yu0srUPoVXn54E-MAAXv"}
2026-04-14T23:55:09.794Z [ERROR] [EventsGateway] Client connected without token {"clientId":"rmX10SU7rlpj-sKXAAXx"}
2026-04-14T23:55:09.808Z [ERROR] [EventsGateway] Client connected without token {"clientId":"5TgxHQ7uGqsAty8dAAXz"}
2026-04-14T23:55:09.822Z [ERROR] [EventsGateway] Client connected without token {"clientId":"2caeiaRIHmnlalJdAAX1"}
2026-04-14T23:55:09.834Z [ERROR] [EventsGateway] Client connected without token {"clientId":"NXbjOGEU0KRVGNf0AAX3"}
2026-04-14T23:55:09.848Z [ERROR] [EventsGateway] Client connected without token {"clientId":"D7Mt_9wSxtONtlbJAAX5"}
2026-04-14T23:55:09.863Z [ERROR] [EventsGateway] Client connected without token {"clientId":"g2tKveUS9YlUSjEwAAX7"}
2026-04-14T23:55:09.876Z [ERROR] [EventsGateway] Client connected without token {"clientId":"TXEH6yEA1kp8P52UAAX9"}
2026-04-14T23:55:09.890Z [ERROR] [EventsGateway] Client connected without token {"clientId":"QLhfAb82EmSt_rGHAAX_"}
2026-04-14T23:55:09.904Z [ERROR] [EventsGateway] Client connected without token {"clientId":"vJZCS3B2YCRZYLjzAAYB"}
2026-04-14T23:55:09.917Z [ERROR] [EventsGateway] Client connected without token {"clientId":"xh_U2_IjpGLm50C3AAYD"}
2026-04-14T23:55:09.933Z [ERROR] [EventsGateway] Client connected without token {"clientId":"N4GNTj_paDmRoeb7AAYF"}
2026-04-14T23:55:09.947Z [ERROR] [EventsGateway] Client connected without token {"clientId":"EGqeQiioZbzKYF9-AAYH"}
2026-04-14T23:55:09.963Z [ERROR] [EventsGateway] Client connected without token {"clientId":"m6Yv-JeUziB5pABQAAYJ"}
2026-04-14T23:55:09.977Z [ERROR] [EventsGateway] Client connected without token {"clientId":"HVBVX4TWbn7tWC8YAAYL"}
2026-04-14T23:55:09.993Z [ERROR] [EventsGateway] Client connected without token {"clientId":"awbw76qk31Ojml5SAAYN"}
2026-04-14T23:55:10.006Z [ERROR] [EventsGateway] Client connected without token {"clientId":"1-rtYwMxmi97je9DAAYP"}
2026-04-14T23:55:10.023Z [ERROR] [EventsGateway] Client connected without token {"clientId":"43gXWn3Ss9uj-2QQAAYR"}
2026-04-14T23:55:10.037Z [ERROR] [EventsGateway] Client connected without token {"clientId":"PyjWl_j4IO4b_u2JAAYT"}
2026-04-14T23:55:10.051Z [ERROR] [EventsGateway] Client connected without token {"clientId":"KOZ20MNAzn0WuzVaAAYV"}
2026-04-14T23:55:10.068Z [ERROR] [EventsGateway] Client connected without token {"clientId":"-eC1Su9HzvZ-b8yqAAYX"}
2026-04-14T23:55:10.084Z [ERROR] [EventsGateway] Client connected without token {"clientId":"duGrL8wZ8FArpDcgAAYZ"}
2026-04-14T23:55:10.101Z [ERROR] [EventsGateway] Client connected without token {"clientId":"0xE-88gL9QuNVcgiAAYb"}
2026-04-14T23:55:10.116Z [ERROR] [EventsGateway] Client connected without token {"clientId":"eQTOQfcjGrDYypt1AAYd"}
2026-04-14T23:55:10.131Z [ERROR] [EventsGateway] Client connected without token {"clientId":"8BaDRbZxBDZIi9PCAAYf"}
2026-04-14T23:55:10.146Z [ERROR] [EventsGateway] Client connected without token {"clientId":"ZvRcKtxfxUJIa8rgAAYh"}
2026-04-14T23:55:10.161Z [ERROR] [EventsGateway] Client connected without token {"clientId":"H7OFBZIYOUjbKFK3AAYj"}
2026-04-14T23:55:10.175Z [ERROR] [EventsGateway] Client connected without token {"clientId":"lKLb_O5v-i_CePv9AAYl"}
2026-04-14T23:55:10.190Z [ERROR] [EventsGateway] Client connected without token {"clientId":"u4nnwqIRK5amGzXXAAYn"}
2026-04-14T23:55:10.206Z [ERROR] [EventsGateway] Client connected without token {"clientId":"mlWjz4xy1weWHwOmAAYp"}
2026-04-14T23:55:10.218Z [ERROR] [EventsGateway] Client connected without token {"clientId":"jwVEVkLh9Hg6vTyTAAYr"}
2026-04-14T23:55:10.233Z [ERROR] [EventsGateway] Client connected without token {"clientId":"TXmMHjsYeHYQAlLYAAYt"}
2026-04-14T23:55:10.248Z [ERROR] [EventsGateway] Client connected without token {"clientId":"U9Afll5WuBefI7OJAAYv"}
2026-04-14T23:55:10.261Z [ERROR] [EventsGateway] Client connected without token {"clientId":"SyS_nSsvqa78PhetAAYx"}
2026-04-14T23:55:10.275Z [ERROR] [EventsGateway] Client connected without token {"clientId":"pw7HpQlLnZDKoWegAAYz"}
2026-04-14T23:55:10.292Z [ERROR] [EventsGateway] Client connected without token {"clientId":"88EvP61i9XgJSlD-AAY1"}
2026-04-14T23:55:10.308Z [ERROR] [EventsGateway] Client connected without token {"clientId":"4GYIjV4EgBsCPpkiAAY3"}
2026-04-14T23:55:10.324Z [ERROR] [EventsGateway] Client connected without token {"clientId":"ivpl8-2MQe0eLQ1uAAY5"}
2026-04-14T23:55:10.336Z [ERROR] [EventsGateway] Client connected without token {"clientId":"lTgmhIZei_CcJmIrAAY7"}
2026-04-14T23:55:10.351Z [ERROR] [EventsGateway] Client connected without token {"clientId":"t7T9tLuI0fb9XLuXAAY9"}
2026-04-14T23:55:10.368Z [ERROR] [EventsGateway] Client connected without token {"clientId":"GqKtpVBVAy7Z7KFfAAY_"}
2026-04-14T23:55:10.384Z [ERROR] [EventsGateway] Client connected without token {"clientId":"NnKmdT9slUr8JBw5AAZB"}
2026-04-14T23:55:10.399Z [ERROR] [EventsGateway] Client connected without token {"clientId":"dAPHalCrtmVKFkNyAAZD"}
2026-04-14T23:55:10.415Z [ERROR] [EventsGateway] Client connected without token {"clientId":"x-FrrKlmRK6lKpmXAAZF"}
2026-04-14T23:55:10.430Z [ERROR] [EventsGateway] Client connected without token {"clientId":"RJVH8KS0vK1d2-bpAAZH"}
2026-04-14T23:55:10.447Z [ERROR] [EventsGateway] Client connected without token {"clientId":"2NbTVuoqSJdCayAHAAZJ"}
2026-04-14T23:55:10.461Z [ERROR] [EventsGateway] Client connected without token {"clientId":"yX_UgfYDUtLspSvIAAZL"}
2026-04-14T23:55:10.474Z [ERROR] [EventsGateway] Client connected without token {"clientId":"gviNekLWBQdBYVsoAAZN"}
2026-04-14T23:55:10.489Z [ERROR] [EventsGateway] Client connected without token {"clientId":"vSuRk0qemP1l14woAAZP"}
2026-04-14T23:55:10.504Z [ERROR] [EventsGateway] Client connected without token {"clientId":"kd-NfuuZOuqZh-vIAAZR"}
2026-04-14T23:55:10.518Z [ERROR] [EventsGateway] Client connected without token {"clientId":"D_ZVPtE-a0x8qV1MAAZT"}
2026-04-14T23:55:10.533Z [ERROR] [EventsGateway] Client connected without token {"clientId":"OcQF0hygw5rtx-scAAZV"}
2026-04-14T23:55:10.550Z [ERROR] [EventsGateway] Client connected without token {"clientId":"CVnrnswNh8dHPjyBAAZX"}
2026-04-14T23:55:10.566Z [ERROR] [EventsGateway] Client connected without token {"clientId":"VuEyb90qKrBC9FG4AAZZ"}
2026-04-14T23:55:10.583Z [ERROR] [EventsGateway] Client connected without token {"clientId":"0_aDqz2uFzOLGUJuAAZb"}
2026-04-14T23:55:10.598Z [ERROR] [EventsGateway] Client connected without token {"clientId":"PwjRo97u3PYL2cS_AAZd"}
2026-04-14T23:55:10.614Z [ERROR] [EventsGateway] Client connected without token {"clientId":"87K2vePI_tToriCmAAZf"}
2026-04-14T23:55:10.629Z [ERROR] [EventsGateway] Client connected without token {"clientId":"i7UGBWAkIXHUZ2GeAAZh"}
2026-04-14T23:55:10.645Z [ERROR] [EventsGateway] Client connected without token {"clientId":"eLbo2BU34RHufyZjAAZj"}
2026-04-14T23:55:10.661Z [ERROR] [EventsGateway] Client connected without token {"clientId":"tit8rqr_yFijLC4NAAZl"}
2026-04-14T23:55:10.674Z [ERROR] [EventsGateway] Client connected without token {"clientId":"MlGYY0pBU-7tnKi7AAZn"}
2026-04-14T23:55:10.691Z [ERROR] [EventsGateway] Client connected without token {"clientId":"86tzv-_gTSyBnpdaAAZp"}
2026-04-14T23:55:10.706Z [ERROR] [EventsGateway] Client connected without token {"clientId":"ZTh8_wRgALxKwuHlAAZr"}
2026-04-14T23:55:10.720Z [ERROR] [EventsGateway] Client connected without token {"clientId":"fQMBu9WKFkIyAWeyAAZt"}
2026-04-14T23:55:10.734Z [ERROR] [EventsGateway] Client connected without token {"clientId":"AUiEble5bWb3ERP-AAZv"}
2026-04-14T23:55:10.749Z [ERROR] [EventsGateway] Client connected without token {"clientId":"2nY6sn3hGKI_nNlWAAZx"}
2026-04-14T23:55:10.769Z [ERROR] [EventsGateway] Client connected without token {"clientId":"Nu1GyWagTr1_gex5AAZz"}
2026-04-14T23:55:10.780Z [ERROR] [EventsGateway] Client connected without token {"clientId":"mA56bPQmdWJio3odAAZ1"}
2026-04-14T23:55:10.797Z [ERROR] [EventsGateway] Client connected without token {"clientId":"tzmrFfpR-fBRLbWmAAZ3"}
2026-04-14T23:55:10.812Z [ERROR] [EventsGateway] Client connected without token {"clientId":"m2zv0aOAPVIO4AF0AAZ5"}
2026-04-14T23:55:10.827Z [ERROR] [EventsGateway] Client connected without token {"clientId":"xJ35qYGUfCxeFqhKAAZ7"}
2026-04-14T23:55:10.841Z [ERROR] [EventsGateway] Client connected without token {"clientId":"4REJp_noBpwViF5gAAZ9"}
2026-04-14T23:55:10.857Z [ERROR] [EventsGateway] Client connected without token {"clientId":"ch4g7FGx_wI9nT6WAAZ_"}
2026-04-14T23:55:10.872Z [ERROR] [EventsGateway] Client connected without token {"clientId":"ogltTT16UvcX8UjAAAaB"}
2026-04-14T23:55:10.891Z [ERROR] [EventsGateway] Client connected without token {"clientId":"I-A_yZj0uuWrfnSZAAaD"}
2026-04-14T23:55:10.902Z [ERROR] [EventsGateway] Client connected without token {"clientId":"0hXvGkr6dlcz8BjMAAaF"}
2026-04-14T23:55:10.917Z [ERROR] [EventsGateway] Client connected without token {"clientId":"RzdrhLwDM2wRdkm8AAaH"}
2026-04-14T23:55:10.933Z [ERROR] [EventsGateway] Client connected without token {"clientId":"i62hu3CrQ3-2BSAMAAaJ"}
2026-04-14T23:55:10.950Z [ERROR] [EventsGateway] Client connected without token {"clientId":"rCGQ6u5mO5_RfSk9AAaL"}
2026-04-14T23:55:10.966Z [ERROR] [EventsGateway] Client connected without token {"clientId":"oUzNAltLs7S3r4xaAAaN"}
2026-04-14T23:55:10.980Z [ERROR] [EventsGateway] Client connected without token {"clientId":"jNVD-Q-Iv1sx09BwAAaP"}
2026-04-14T23:55:10.994Z [ERROR] [EventsGateway] Client connected without token {"clientId":"c0Fd1qC22NnooRx7AAaR"}
2026-04-14T23:55:11.010Z [ERROR] [EventsGateway] Client connected without token {"clientId":"ZwzfW-T4omDWzJvUAAaT"}
2026-04-14T23:55:11.025Z [ERROR] [EventsGateway] Client connected without token {"clientId":"51EmwgJy0h6qbZaQAAaV"}
2026-04-14T23:55:11.040Z [ERROR] [EventsGateway] Client connected without token {"clientId":"rYpjxCACjrXMwnr3AAaX"}
2026-04-14T23:55:11.055Z [ERROR] [EventsGateway] Client connected without token {"clientId":"bq2kSDKWWxOCck93AAaZ"}
2026-04-14T23:55:11.069Z [ERROR] [EventsGateway] Client connected without token {"clientId":"wUfz4Y4Nrzysi5zuAAab"}
2026-04-14T23:55:11.082Z [ERROR] [EventsGateway] Client connected without token {"clientId":"VOJ4EJFD4mnX1Jo0AAad"}
2026-04-14T23:55:11.096Z [ERROR] [EventsGateway] Client connected without token {"clientId":"RO89vG40h3p8_tyiAAaf"}
2026-04-14T23:55:11.110Z [ERROR] [EventsGateway] Client connected without token {"clientId":"bBFd1rdQhBjGrwemAAah"}
2026-04-14T23:55:11.123Z [ERROR] [EventsGateway] Client connected without token {"clientId":"mOCXoZU9c3k0tZ-kAAaj"}
2026-04-14T23:55:11.139Z [ERROR] [EventsGateway] Client connected without token {"clientId":"cwMBpk16unJYiA0ZAAal"}
2026-04-14T23:55:11.155Z [ERROR] [EventsGateway] Client connected without token {"clientId":"XaQsDLyhz9DNojYFAAan"}
2026-04-14T23:55:11.170Z [ERROR] [EventsGateway] Client connected without token {"clientId":"wfWEeTPxgBOUHWctAAap"}
2026-04-14T23:55:11.184Z [ERROR] [EventsGateway] Client connected without token {"clientId":"mOEsefSyBOixAw_kAAar"}
2026-04-14T23:55:11.200Z [ERROR] [EventsGateway] Client connected without token {"clientId":"ayrGYW7x2a7fueddAAat"}
2026-04-14T23:55:11.214Z [ERROR] [EventsGateway] Client connected without token {"clientId":"bWPBP2PCE_2UygI8AAav"}
2026-04-14T23:55:11.229Z [ERROR] [EventsGateway] Client connected without token {"clientId":"NuU23NAeLbbf6xn5AAax"}
2026-04-14T23:55:11.245Z [ERROR] [EventsGateway] Client connected without token {"clientId":"vse-SzjbK99FtUEYAAaz"}
2026-04-14T23:55:11.260Z [ERROR] [EventsGateway] Client connected without token {"clientId":"Ykz-lNN_MGEryLjmAAa1"}
2026-04-14T23:55:11.275Z [ERROR] [EventsGateway] Client connected without token {"clientId":"vJ_WVH4e24CimH58AAa3"}
2026-04-14T23:55:11.291Z [ERROR] [EventsGateway] Client connected without token {"clientId":"l6nzfHbKxqz7Bvx-AAa5"}
2026-04-14T23:55:11.305Z [ERROR] [EventsGateway] Client connected without token {"clientId":"MUD9ufjqSWd4RfzQAAa7"}
2026-04-14T23:55:11.320Z [ERROR] [EventsGateway] Client connected without token {"clientId":"aszweFLiDng5UAZpAAa9"}
2026-04-14T23:55:11.333Z [ERROR] [EventsGateway] Client connected without token {"clientId":"xfh79Ge_9FffyRAkAAa_"}
2026-04-14T23:55:11.348Z [ERROR] [EventsGateway] Client connected without token {"clientId":"-FZNGh-yCcxgF_XzAAbB"}
2026-04-14T23:55:11.364Z [ERROR] [EventsGateway] Client connected without token {"clientId":"FmEKnzR8tFZszY1YAAbD"}
2026-04-14T23:55:11.380Z [ERROR] [EventsGateway] Client connected without token {"clientId":"2MQs-JfEHwH8aJyVAAbF"}
2026-04-14T23:55:11.396Z [ERROR] [EventsGateway] Client connected without token {"clientId":"-ZzrlqhyihmuGU8PAAbH"}
2026-04-14T23:55:11.410Z [ERROR] [EventsGateway] Client connected without token {"clientId":"deFEEXXTbN8oVxa7AAbJ"}
2026-04-14T23:55:11.425Z [ERROR] [EventsGateway] Client connected without token {"clientId":"ejU61LXFy8FDj9mhAAbL"}
2026-04-14T23:55:11.441Z [ERROR] [EventsGateway] Client connected without token {"clientId":"g3TghH-XGHdHV-FrAAbN"}
2026-04-14T23:55:11.457Z [ERROR] [EventsGateway] Client connected without token {"clientId":"H2Pod4WJ_q03F5cEAAbP"}
2026-04-14T23:55:11.472Z [ERROR] [EventsGateway] Client connected without token {"clientId":"l8Er5qb4J4RKWU_jAAbR"}
2026-04-14T23:55:11.488Z [ERROR] [EventsGateway] Client connected without token {"clientId":"qhfrFEckWz7MaIFGAAbT"}
2026-04-14T23:55:11.504Z [ERROR] [EventsGateway] Client connected without token {"clientId":"Ogzl_J8NCQR69yM9AAbV"}
2026-04-14T23:55:11.520Z [ERROR] [EventsGateway] Client connected without token {"clientId":"Blnt0oaVShxdZzsDAAbX"}
2026-04-14T23:55:11.533Z [ERROR] [EventsGateway] Client connected without token {"clientId":"F-8W35ykKeDYKj6RAAbZ"}
2026-04-14T23:55:11.549Z [ERROR] [EventsGateway] Client connected without token {"clientId":"rOYcqQMeL_CVKewxAAbb"}
2026-04-14T23:55:11.564Z [ERROR] [EventsGateway] Client connected without token {"clientId":"UDzulzhNjF_dRqbrAAbd"}
2026-04-14T23:55:11.579Z [ERROR] [EventsGateway] Client connected without token {"clientId":"l6axrKORGUG7bBhxAAbf"}
2026-04-14T23:55:11.594Z [ERROR] [EventsGateway] Client connected without token {"clientId":"He6lr6E1vN8vYTACAAbh"}
2026-04-14T23:55:11.608Z [ERROR] [EventsGateway] Client connected without token {"clientId":"hNL2u8otSfYUMT0DAAbj"}
2026-04-14T23:55:11.625Z [ERROR] [EventsGateway] Client connected without token {"clientId":"3CSr7og95YUGCFpiAAbl"}
2026-04-14T23:55:11.639Z [ERROR] [EventsGateway] Client connected without token {"clientId":"R6PYm1ZgbaSWgpGsAAbn"}
2026-04-14T23:55:11.653Z [ERROR] [EventsGateway] Client connected without token {"clientId":"51vjRvLxO9iWnaAdAAbp"}
2026-04-14T23:55:11.670Z [ERROR] [EventsGateway] Client connected without token {"clientId":"HRdjZqXZIPApRX7SAAbr"}
2026-04-14T23:55:11.682Z [ERROR] [EventsGateway] Client connected without token {"clientId":"lCPLLnwqDJEsvLThAAbt"}
2026-04-14T23:55:11.696Z [ERROR] [EventsGateway] Client connected without token {"clientId":"c1kpXSFwFwNzwlV8AAbv"}
2026-04-14T23:55:11.708Z [ERROR] [EventsGateway] Client connected without token {"clientId":"m1iqCb8DE3STpWXQAAbx"}
2026-04-14T23:55:11.722Z [ERROR] [EventsGateway] Client connected without token {"clientId":"DAewVNXFAgbLvPVFAAbz"}
2026-04-14T23:55:11.735Z [ERROR] [EventsGateway] Client connected without token {"clientId":"QBiO63lTYR9JJJQZAAb1"}
2026-04-14T23:55:11.751Z [ERROR] [EventsGateway] Client connected without token {"clientId":"1mByIzFN19-vc7t8AAb3"}
2026-04-14T23:55:11.764Z [ERROR] [EventsGateway] Client connected without token {"clientId":"WpM494YXChUFHqQjAAb5"}
2026-04-14T23:55:11.779Z [ERROR] [EventsGateway] Client connected without token {"clientId":"NXwHdd8A9JqBpioRAAb7"}
2026-04-14T23:55:11.790Z [ERROR] [EventsGateway] Client connected without token {"clientId":"6xxnDqDZwPHVPeZAAAb9"}
2026-04-14T23:55:11.805Z [ERROR] [EventsGateway] Client connected without token {"clientId":"hKHeJwr5Vj_SvttmAAb_"}
2026-04-14T23:55:11.821Z [ERROR] [EventsGateway] Client connected without token {"clientId":"mU7H3XvUMx1zU7uNAAcB"}
2026-04-14T23:55:11.846Z [ERROR] [EventsGateway] Client connected without token {"clientId":"39P0t1x5nBYRAGrPAAcD"}
2026-04-14T23:55:11.860Z [ERROR] [EventsGateway] Client connected without token {"clientId":"WAmbj761z0ikXyEvAAcF"}
2026-04-14T23:55:11.873Z [ERROR] [EventsGateway] Client connected without token {"clientId":"e0POfGvXKQL1B3wJAAcH"}
2026-04-14T23:55:11.887Z [ERROR] [EventsGateway] Client connected without token {"clientId":"bG48_GaZX-cwz2RbAAcJ"}
2026-04-14T23:55:11.902Z [ERROR] [EventsGateway] Client connected without token {"clientId":"q2wWdt3xu7-rpWWBAAcL"}
2026-04-14T23:55:11.914Z [ERROR] [EventsGateway] Client connected without token {"clientId":"ch_xocbmqQolAfnsAAcN"}
2026-04-14T23:55:11.927Z [ERROR] [EventsGateway] Client connected without token {"clientId":"Qs78YqM5ml6JZNq7AAcP"}
2026-04-14T23:55:11.939Z [ERROR] [EventsGateway] Client connected without token {"clientId":"WX5w0ldWXH63-vPlAAcR"}
2026-04-14T23:55:11.959Z [ERROR] [EventsGateway] Client connected without token {"clientId":"JT4lISFgoVEJgs6jAAcT"}
2026-04-14T23:55:11.972Z [ERROR] [EventsGateway] Client connected without token {"clientId":"snP7SNJ7vhG58zdgAAcV"}
2026-04-14T23:55:11.986Z [ERROR] [EventsGateway] Client connected without token {"clientId":"PVqTIFTTZ3w5usJdAAcX"}
2026-04-14T23:55:12.000Z [ERROR] [EventsGateway] Client connected without token {"clientId":"imXBYGpTuuy-kPDZAAcZ"}
2026-04-14T23:55:12.014Z [ERROR] [EventsGateway] Client connected without token {"clientId":"2e4hm0St7RtogXkKAAcb"}
2026-04-14T23:55:12.028Z [ERROR] [EventsGateway] Client connected without token {"clientId":"m7Rf0aFUlNZJ_wdJAAcd"}
2026-04-14T23:55:12.042Z [ERROR] [EventsGateway] Client connected without token {"clientId":"bcpF2t12AmxydRjSAAcf"}
2026-04-14T23:55:12.056Z [ERROR] [EventsGateway] Client connected without token {"clientId":"TFd7mAjcu2DUIKSHAAch"}
2026-04-14T23:55:12.069Z [ERROR] [EventsGateway] Client connected without token {"clientId":"z6RfrNNEg3t6LJuhAAcj"}
2026-04-14T23:55:12.083Z [ERROR] [EventsGateway] Client connected without token {"clientId":"WW9uTNeDX7LrKFwnAAcl"}
2026-04-14T23:55:12.097Z [ERROR] [EventsGateway] Client connected without token {"clientId":"T7IBuc9ClcJ3phcmAAcn"}
2026-04-14T23:55:12.112Z [ERROR] [EventsGateway] Client connected without token {"clientId":"luSa-FF7n4BtIvuNAAcp"}
2026-04-14T23:55:12.126Z [ERROR] [EventsGateway] Client connected without token {"clientId":"dOkxDLoXY0MkwS_bAAcr"}
2026-04-14T23:55:12.141Z [ERROR] [EventsGateway] Client connected without token {"clientId":"SydvM2nw4xN5TYilAAct"}
2026-04-14T23:55:12.155Z [ERROR] [EventsGateway] Client connected without token {"clientId":"_ew2fad0BRYqY2jDAAcv"}
2026-04-14T23:55:12.167Z [ERROR] [EventsGateway] Client connected without token {"clientId":"3FnjvMut7Ypdt3LBAAcx"}
2026-04-14T23:55:12.182Z [ERROR] [EventsGateway] Client connected without token {"clientId":"WItwF-Z1ULTHnQ5vAAcz"}
2026-04-14T23:55:12.195Z [ERROR] [EventsGateway] Client connected without token {"clientId":"L81E5CznQKckiG_vAAc1"}
2026-04-14T23:55:12.209Z [ERROR] [EventsGateway] Client connected without token {"clientId":"zu8mCjry0dmjY78RAAc3"}
2026-04-14T23:55:12.222Z [ERROR] [EventsGateway] Client connected without token {"clientId":"hYsjmi6y76HKPxENAAc5"}
2026-04-14T23:55:12.236Z [ERROR] [EventsGateway] Client connected without token {"clientId":"YKJoUi96A6hVSIchAAc7"}
2026-04-14T23:55:12.250Z [ERROR] [EventsGateway] Client connected without token {"clientId":"K6aqzCzJBzBNoa-vAAc9"}
2026-04-14T23:55:12.306Z [ERROR] [EventsGateway] Client connected without token {"clientId":"6HOUtYWqx1EO2mQuAAc_"}
2026-04-14T23:55:12.325Z [ERROR] [EventsGateway] Client connected without token {"clientId":"4WTBNvqBATBbnLdxAAdB"}
2026-04-14T23:55:12.339Z [ERROR] [EventsGateway] Client connected without token {"clientId":"s-OVOkiiYHSPa8VAAAdD"}
2026-04-14T23:55:12.354Z [ERROR] [EventsGateway] Client connected without token {"clientId":"9fAsU4A9nDYZ1QaBAAdF"}
2026-04-14T23:55:12.367Z [ERROR] [EventsGateway] Client connected without token {"clientId":"clF74t8UUwf0LyqPAAdH"}
2026-04-14T23:55:12.381Z [ERROR] [EventsGateway] Client connected without token {"clientId":"d244uuiZWvQ5ln9TAAdJ"}
2026-04-14T23:55:12.395Z [ERROR] [EventsGateway] Client connected without token {"clientId":"x-YdoXXxr8AKjzPxAAdL"}
2026-04-14T23:55:12.409Z [ERROR] [EventsGateway] Client connected without token {"clientId":"a9ZSrh1eA6EoXAEKAAdN"}
2026-04-14T23:55:12.424Z [ERROR] [EventsGateway] Client connected without token {"clientId":"tg5NHdtEQuHJOW61AAdP"}
2026-04-14T23:55:12.438Z [ERROR] [EventsGateway] Client connected without token {"clientId":"kJqz434bdXkmdwZBAAdR"}
2026-04-14T23:55:12.453Z [ERROR] [EventsGateway] Client connected without token {"clientId":"CZKIHn2zNhLidPnHAAdT"}
2026-04-14T23:55:12.467Z [ERROR] [EventsGateway] Client connected without token {"clientId":"PE-mEcTzT2sR5t1LAAdV"}
2026-04-14T23:55:12.481Z [ERROR] [EventsGateway] Client connected without token {"clientId":"4c7swALwBFSi9Jk4AAdX"}
2026-04-14T23:55:12.494Z [ERROR] [EventsGateway] Client connected without token {"clientId":"ymnoONADY4TbKwVCAAdZ"}
2026-04-14T23:55:12.508Z [ERROR] [EventsGateway] Client connected without token {"clientId":"jmKI7D9Hn-YIx7tCAAdb"}
2026-04-14T23:55:12.521Z [ERROR] [EventsGateway] Client connected without token {"clientId":"WOPAzb7QNoy0SnyEAAdd"}
2026-04-14T23:55:12.536Z [ERROR] [EventsGateway] Client connected without token {"clientId":"DyjpRUH1DyJRtf70AAdf"}
2026-04-14T23:55:12.548Z [ERROR] [EventsGateway] Client connected without token {"clientId":"StbJL4f10nlQf_WVAAdh"}
2026-04-14T23:55:12.559Z [ERROR] [EventsGateway] Client connected without token {"clientId":"lQa2ut4Y7i8iKZ7QAAdj"}
2026-04-14T23:55:12.574Z [ERROR] [EventsGateway] Client connected without token {"clientId":"_4Mt8ZrNMfOUX5R6AAdl"}
2026-04-14T23:55:12.587Z [ERROR] [EventsGateway] Client connected without token {"clientId":"cbAS_4Iaq51GrlJbAAdn"}
2026-04-14T23:55:12.599Z [ERROR] [EventsGateway] Client connected without token {"clientId":"t3F8MEBBXl0E6slSAAdp"}
2026-04-14T23:55:12.613Z [ERROR] [EventsGateway] Client connected without token {"clientId":"_0CGBzE5WG4B8bDcAAdr"}
2026-04-14T23:55:12.626Z [ERROR] [EventsGateway] Client connected without token {"clientId":"P809nXKyuFUMA2u2AAdt"}
2026-04-14T23:55:12.639Z [ERROR] [EventsGateway] Client connected without token {"clientId":"Sq8GOl8n5ASQnlHpAAdv"}
2026-04-14T23:55:12.652Z [ERROR] [EventsGateway] Client connected without token {"clientId":"ozVgt0fziPvrON8NAAdx"}
2026-04-14T23:55:12.664Z [ERROR] [EventsGateway] Client connected without token {"clientId":"ilxtlgs8ek5bb_3vAAdz"}
2026-04-14T23:55:12.678Z [ERROR] [EventsGateway] Client connected without token {"clientId":"t_YwcT1XCTU6RMTLAAd1"}
2026-04-14T23:55:12.692Z [ERROR] [EventsGateway] Client connected without token {"clientId":"FoORdfO3epUrCgjrAAd3"}
2026-04-14T23:55:12.706Z [ERROR] [EventsGateway] Client connected without token {"clientId":"wBqiSe3a7vN7ETuaAAd5"}
2026-04-14T23:55:12.719Z [ERROR] [EventsGateway] Client connected without token {"clientId":"KVfW7EMk6wXda4E6AAd7"}
2026-04-14T23:55:12.732Z [ERROR] [EventsGateway] Client connected without token {"clientId":"sKAnTcD3wxkW-c3UAAd9"}
2026-04-14T23:55:12.745Z [ERROR] [EventsGateway] Client connected without token {"clientId":"BAfZbvRDTF9gnXXUAAd_"}
2026-04-14T23:55:12.759Z [ERROR] [EventsGateway] Client connected without token {"clientId":"bFMI1MXuyi7j0id5AAeB"}
2026-04-14T23:55:12.773Z [ERROR] [EventsGateway] Client connected without token {"clientId":"TjfCIqw2lS_-XJT0AAeD"}
2026-04-14T23:55:12.786Z [ERROR] [EventsGateway] Client connected without token {"clientId":"VZ0bjiQ4msdK2Xu0AAeF"}
2026-04-14T23:55:12.797Z [ERROR] [EventsGateway] Client connected without token {"clientId":"HoATjfVl-MV1dBzNAAeH"}
2026-04-14T23:55:12.812Z [ERROR] [EventsGateway] Client connected without token {"clientId":"1V4UZr9UF9G-MvDoAAeJ"}
2026-04-14T23:55:12.826Z [ERROR] [EventsGateway] Client connected without token {"clientId":"RKd60WxGo9QNjsjpAAeL"}
2026-04-14T23:55:12.838Z [ERROR] [EventsGateway] Client connected without token {"clientId":"k5i83mBZ6N6JrktqAAeN"}
2026-04-14T23:55:12.852Z [ERROR] [EventsGateway] Client connected without token {"clientId":"HqTPjQNCrymn2f4kAAeP"}
2026-04-14T23:55:12.864Z [ERROR] [EventsGateway] Client connected without token {"clientId":"92Ge1N-CVtEyB-8MAAeR"}
2026-04-14T23:55:12.879Z [ERROR] [EventsGateway] Client connected without token {"clientId":"_jw-5yyUHw8z62zqAAeT"}
2026-04-14T23:55:12.893Z [ERROR] [EventsGateway] Client connected without token {"clientId":"yJ72jTknzL-qrjs1AAeV"}
2026-04-14T23:55:12.905Z [ERROR] [EventsGateway] Client connected without token {"clientId":"GwgumdtCHi4sJISVAAeX"}
2026-04-14T23:55:12.920Z [ERROR] [EventsGateway] Client connected without token {"clientId":"YpF8zT5CUxwEa0--AAeZ"}
2026-04-14T23:55:12.934Z [ERROR] [EventsGateway] Client connected without token {"clientId":"iliGJxN9CpVP3SaGAAeb"}
2026-04-14T23:55:12.948Z [ERROR] [EventsGateway] Client connected without token {"clientId":"dS-D18MUXnN1l-8LAAed"}
2026-04-14T23:55:12.962Z [ERROR] [EventsGateway] Client connected without token {"clientId":"xzlkBF6K7eVBocAPAAef"}
2026-04-14T23:55:12.978Z [ERROR] [EventsGateway] Client connected without token {"clientId":"PLHWcgBZH6fpzXh8AAeh"}
2026-04-14T23:55:12.990Z [ERROR] [EventsGateway] Client connected without token {"clientId":"u_uM7SJ_i95gfWD6AAej"}
2026-04-14T23:55:13.004Z [ERROR] [EventsGateway] Client connected without token {"clientId":"gKVYdhykc76n2IcTAAel"}
2026-04-14T23:55:13.018Z [ERROR] [EventsGateway] Client connected without token {"clientId":"jqkaOLgrkXtQI9uOAAen"}
2026-04-14T23:55:13.032Z [ERROR] [EventsGateway] Client connected without token {"clientId":"xczSw05ZHcw5P3qyAAep"}
2026-04-14T23:55:13.048Z [ERROR] [EventsGateway] Client connected without token {"clientId":"EaBsiP3KBhr03O6XAAer"}
2026-04-14T23:55:13.062Z [ERROR] [EventsGateway] Client connected without token {"clientId":"HkuBlDIDYpFIEK4VAAet"}
2026-04-14T23:55:13.075Z [ERROR] [EventsGateway] Client connected without token {"clientId":"cfXHayC-KTF3lOYdAAev"}
2026-04-14T23:55:13.089Z [ERROR] [EventsGateway] Client connected without token {"clientId":"er5zyYtfO2ecjEH4AAex"}
2026-04-14T23:55:13.102Z [ERROR] [EventsGateway] Client connected without token {"clientId":"uUz6VTl6x6gR5vciAAez"}
2026-04-14T23:55:13.115Z [ERROR] [EventsGateway] Client connected without token {"clientId":"NC4Rcw7m9MTs3rMdAAe1"}
2026-04-14T23:55:13.129Z [ERROR] [EventsGateway] Client connected without token {"clientId":"P1_ZCYqRteSMyq1iAAe3"}
2026-04-14T23:55:13.144Z [ERROR] [EventsGateway] Client connected without token {"clientId":"XLDyXYmIPS_HJLYFAAe5"}
2026-04-14T23:55:13.159Z [ERROR] [EventsGateway] Client connected without token {"clientId":"Nt9se4bkp6A2sHfYAAe7"}
2026-04-14T23:55:13.173Z [ERROR] [EventsGateway] Client connected without token {"clientId":"f8B-O-GT41yROtEMAAe9"}
2026-04-14T23:55:13.188Z [ERROR] [EventsGateway] Client connected without token {"clientId":"l1dfpwcQpSvrrg9EAAe_"}
2026-04-14T23:55:13.203Z [ERROR] [EventsGateway] Client connected without token {"clientId":"M--8JIHUgUq8TiJXAAfB"}
2026-04-14T23:55:13.215Z [ERROR] [EventsGateway] Client connected without token {"clientId":"YZ3tsQqMBAU2l6KOAAfD"}
2026-04-14T23:55:13.232Z [ERROR] [EventsGateway] Client connected without token {"clientId":"eeyrdIJAgr7PAm13AAfF"}
2026-04-14T23:55:13.244Z [ERROR] [EventsGateway] Client connected without token {"clientId":"EciviDIojLGxZ6VXAAfH"}
2026-04-14T23:55:13.261Z [ERROR] [EventsGateway] Client connected without token {"clientId":"YsUCrP7AxtF8ohOMAAfJ"}
2026-04-14T23:55:13.272Z [ERROR] [EventsGateway] Client connected without token {"clientId":"hkx8mVkAWnJ_6KVcAAfL"}
2026-04-14T23:55:13.286Z [ERROR] [EventsGateway] Client connected without token {"clientId":"uLS7pjUT95ghrkkJAAfN"}
2026-04-14T23:55:13.300Z [ERROR] [EventsGateway] Client connected without token {"clientId":"Mk-FiqCC-EjkUI3wAAfP"}
2026-04-14T23:55:13.314Z [ERROR] [EventsGateway] Client connected without token {"clientId":"Svbn3hzpUkAICHE0AAfR"}
2026-04-14T23:55:13.330Z [ERROR] [EventsGateway] Client connected without token {"clientId":"pVX-IeWhg86Gyl0pAAfT"}
2026-04-14T23:55:13.344Z [ERROR] [EventsGateway] Client connected without token {"clientId":"9grw1gAon_5INIRPAAfV"}
2026-04-14T23:55:13.359Z [ERROR] [EventsGateway] Client connected without token {"clientId":"S-o4QrIMGwn7iMV7AAfX"}
2026-04-14T23:55:13.372Z [ERROR] [EventsGateway] Client connected without token {"clientId":"MvnFPRJKBfxuQ5ppAAfZ"}
2026-04-14T23:55:13.386Z [ERROR] [EventsGateway] Client connected without token {"clientId":"6HmRRLSI3nXVu3ulAAfb"}
2026-04-14T23:55:13.400Z [ERROR] [EventsGateway] Client connected without token {"clientId":"EPucOZ9md_4NvT4EAAfd"}
2026-04-14T23:55:13.414Z [ERROR] [EventsGateway] Client connected without token {"clientId":"ImbLzukruNacOuP5AAff"}
2026-04-14T23:55:13.428Z [ERROR] [EventsGateway] Client connected without token {"clientId":"Ublp9plvAsqJQmjpAAfh"}
2026-04-14T23:55:13.443Z [ERROR] [EventsGateway] Client connected without token {"clientId":"A5QAw1UCkddsDVbkAAfj"}
2026-04-14T23:55:13.457Z [ERROR] [EventsGateway] Client connected without token {"clientId":"ndUMfSvi5tpYNmG7AAfl"}
2026-04-14T23:55:13.469Z [ERROR] [EventsGateway] Client connected without token {"clientId":"ZtBQNFTc2qrOJLnbAAfn"}
2026-04-14T23:55:13.481Z [ERROR] [EventsGateway] Client connected without token {"clientId":"obXTbrzNJoGqqEaVAAfp"}
2026-04-14T23:55:13.495Z [ERROR] [EventsGateway] Client connected without token {"clientId":"1B64R8yyMwrZqGA9AAfr"}
2026-04-14T23:55:13.509Z [ERROR] [EventsGateway] Client connected without token {"clientId":"bw5FMMVx-FOd2SJiAAft"}
2026-04-14T23:55:13.523Z [ERROR] [EventsGateway] Client connected without token {"clientId":"khPVqd63Wzz9gOuZAAfv"}
2026-04-14T23:55:13.536Z [ERROR] [EventsGateway] Client connected without token {"clientId":"EfdMheLRTL-mmp8GAAfx"}
2026-04-14T23:55:13.550Z [ERROR] [EventsGateway] Client connected without token {"clientId":"p7VYKaLOsZtoGW4pAAfz"}
2026-04-14T23:55:13.565Z [ERROR] [EventsGateway] Client connected without token {"clientId":"k9QhgM9Lw83hMkJNAAf1"}
2026-04-14T23:55:13.578Z [ERROR] [EventsGateway] Client connected without token {"clientId":"uD-qXzp_FyNOceP0AAf3"}
2026-04-14T23:55:13.590Z [ERROR] [EventsGateway] Client connected without token {"clientId":"jKf_Td6SjVHFM3aQAAf5"}
2026-04-14T23:55:13.605Z [ERROR] [EventsGateway] Client connected without token {"clientId":"MPmoQC3Z6P8DXLRnAAf7"}
2026-04-14T23:55:13.619Z [ERROR] [EventsGateway] Client connected without token {"clientId":"CdmPJrc21gqS49RTAAf9"}
2026-04-14T23:55:13.631Z [ERROR] [EventsGateway] Client connected without token {"clientId":"eeTH7vDJBvyqu3cTAAf_"}
2026-04-14T23:55:13.645Z [ERROR] [EventsGateway] Client connected without token {"clientId":"21JRACe6F4g96MqZAAgB"}
2026-04-14T23:55:13.659Z [ERROR] [EventsGateway] Client connected without token {"clientId":"eGFX-6UOHgbX79RmAAgD"}
2026-04-14T23:55:13.672Z [ERROR] [EventsGateway] Client connected without token {"clientId":"Dke04nGM-JmUm7FTAAgF"}
2026-04-14T23:55:13.687Z [ERROR] [EventsGateway] Client connected without token {"clientId":"khalhuolyMT4qSosAAgH"}
2026-04-14T23:55:13.701Z [ERROR] [EventsGateway] Client connected without token {"clientId":"U9efwqtUsnT34JKZAAgJ"}
2026-04-14T23:55:13.715Z [ERROR] [EventsGateway] Client connected without token {"clientId":"ZECZYqr83Unl7EA6AAgL"}
2026-04-14T23:55:13.729Z [ERROR] [EventsGateway] Client connected without token {"clientId":"q9pon-DAqMBPMdprAAgN"}
2026-04-14T23:55:13.743Z [ERROR] [EventsGateway] Client connected without token {"clientId":"XOVpEXGYX8Dm6sNzAAgP"}
2026-04-14T23:55:13.755Z [ERROR] [EventsGateway] Client connected without token {"clientId":"yG1973y2KPOPN1IfAAgR"}
2026-04-14T23:55:13.769Z [ERROR] [EventsGateway] Client connected without token {"clientId":"vp--cS2IJA1JgpKEAAgT"}
2026-04-14T23:55:13.781Z [ERROR] [EventsGateway] Client connected without token {"clientId":"0Ep36UrBlM98JUAJAAgV"}
2026-04-14T23:55:13.796Z [ERROR] [EventsGateway] Client connected without token {"clientId":"8hmdSsDsdutHXXz4AAgX"}
2026-04-14T23:55:13.810Z [ERROR] [EventsGateway] Client connected without token {"clientId":"G5qRMUNGVHGC869MAAgZ"}
2026-04-14T23:55:13.822Z [ERROR] [EventsGateway] Client connected without token {"clientId":"kZAx45NzlKZa2I3lAAgb"}
2026-04-14T23:55:13.838Z [ERROR] [EventsGateway] Client connected without token {"clientId":"0BPPA3Gow6Oy1hKbAAgd"}
2026-04-14T23:55:13.851Z [ERROR] [EventsGateway] Client connected without token {"clientId":"iusJIKoUglj19TFUAAgf"}
2026-04-14T23:55:13.864Z [ERROR] [EventsGateway] Client connected without token {"clientId":"veFCwKAQqQdnYTuqAAgh"}
2026-04-14T23:55:13.880Z [ERROR] [EventsGateway] Client connected without token {"clientId":"y38qTQBSHdhf593KAAgj"}
2026-04-14T23:55:13.892Z [ERROR] [EventsGateway] Client connected without token {"clientId":"XTncyqSY_MEoovcwAAgl"}
2026-04-14T23:55:13.905Z [ERROR] [EventsGateway] Client connected without token {"clientId":"Dh9iLpAbbpYw-AcfAAgn"}
2026-04-14T23:55:13.918Z [ERROR] [EventsGateway] Client connected without token {"clientId":"AxaLy5ChT23PfMv3AAgp"}
2026-04-14T23:55:13.931Z [ERROR] [EventsGateway] Client connected without token {"clientId":"AcNwa-Txxi9YFh85AAgr"}
2026-04-14T23:55:13.945Z [ERROR] [EventsGateway] Client connected without token {"clientId":"TlqOaPxhuggX3xhbAAgt"}
2026-04-14T23:55:13.960Z [ERROR] [EventsGateway] Client connected without token {"clientId":"EEf7Fmm95kpKxZwVAAgv"}
2026-04-14T23:55:13.973Z [ERROR] [EventsGateway] Client connected without token {"clientId":"9uCusWjHe-HvxczJAAgx"}
2026-04-14T23:55:13.987Z [ERROR] [EventsGateway] Client connected without token {"clientId":"H9ZOqHwBNUVUkLZbAAgz"}
2026-04-14T23:55:13.999Z [ERROR] [EventsGateway] Client connected without token {"clientId":"e4_SNmIkqMaZNV3fAAg1"}
2026-04-14T23:55:14.013Z [ERROR] [EventsGateway] Client connected without token {"clientId":"J6rHHoE-cidzywjbAAg3"}
2026-04-14T23:55:14.024Z [ERROR] [EventsGateway] Client connected without token {"clientId":"G8hhk8jxSokXsMw-AAg5"}
2026-04-14T23:55:14.038Z [ERROR] [EventsGateway] Client connected without token {"clientId":"vu8z6BaJaNxrbWGNAAg7"}
2026-04-14T23:55:14.053Z [ERROR] [EventsGateway] Client connected without token {"clientId":"GAzczpHPGX4ysO5RAAg9"}
2026-04-14T23:55:14.066Z [ERROR] [EventsGateway] Client connected without token {"clientId":"Pga5qaQB-Jia48M6AAg_"}
2026-04-14T23:55:14.082Z [ERROR] [EventsGateway] Client connected without token {"clientId":"1ko_7Zd19zUQ0agHAAhB"}
2026-04-14T23:55:14.095Z [ERROR] [EventsGateway] Client connected without token {"clientId":"mjwYgS64c9VQgnYrAAhD"}
2026-04-14T23:55:14.108Z [ERROR] [EventsGateway] Client connected without token {"clientId":"X4OI1Vigf5b1vRRoAAhF"}
2026-04-14T23:55:14.122Z [ERROR] [EventsGateway] Client connected without token {"clientId":"DoFtCT2yv8UjZ4VxAAhH"}
2026-04-14T23:55:14.136Z [ERROR] [EventsGateway] Client connected without token {"clientId":"mXwh5Cc57g2rABapAAhJ"}
2026-04-14T23:55:14.150Z [ERROR] [EventsGateway] Client connected without token {"clientId":"J8KV8avIqe1ypgNDAAhL"}
2026-04-14T23:55:14.164Z [ERROR] [EventsGateway] Client connected without token {"clientId":"3aDMkSA4ciEsckOQAAhN"}
2026-04-14T23:55:14.178Z [ERROR] [EventsGateway] Client connected without token {"clientId":"47zIh4Eov2AY-qPTAAhP"}
2026-04-14T23:55:14.190Z [ERROR] [EventsGateway] Client connected without token {"clientId":"mKx1cxIRbIKciY9JAAhR"}
2026-04-14T23:55:14.205Z [ERROR] [EventsGateway] Client connected without token {"clientId":"Xu7D09eBw2ITog5LAAhT"}
2026-04-14T23:55:14.219Z [ERROR] [EventsGateway] Client connected without token {"clientId":"Oo8Tpf2sVQBRC_kgAAhV"}
2026-04-14T23:55:14.232Z [ERROR] [EventsGateway] Client connected without token {"clientId":"3VnN0YZ_JHp7nNLxAAhX"}
2026-04-14T23:55:14.246Z [ERROR] [EventsGateway] Client connected without token {"clientId":"vSttPRfbz0PKbvHlAAhZ"}
2026-04-14T23:55:14.260Z [ERROR] [EventsGateway] Client connected without token {"clientId":"0xFBr2crE9YJ8rJQAAhb"}
2026-04-14T23:55:14.275Z [ERROR] [EventsGateway] Client connected without token {"clientId":"PNb0J8SBCInWRsLvAAhd"}
2026-04-14T23:55:14.289Z [ERROR] [EventsGateway] Client connected without token {"clientId":"gg7_iomRaIw2SNcXAAhf"}
2026-04-14T23:55:14.303Z [ERROR] [EventsGateway] Client connected without token {"clientId":"042bj7cyTh-ljJ83AAhh"}
2026-04-14T23:55:14.316Z [ERROR] [EventsGateway] Client connected without token {"clientId":"ml9OxotQAtc4Elz4AAhj"}
2026-04-14T23:55:14.328Z [ERROR] [EventsGateway] Client connected without token {"clientId":"2kR8mSIh08q0vRkoAAhl"}
2026-04-14T23:55:14.339Z [ERROR] [EventsGateway] Client connected without token {"clientId":"Q_5acS5h7WtsBhw5AAhn"}
2026-04-14T23:55:14.353Z [ERROR] [EventsGateway] Client connected without token {"clientId":"HOm_80_q9sVVEabRAAhp"}
2026-04-14T23:55:14.367Z [ERROR] [EventsGateway] Client connected without token {"clientId":"gctUGkmudrfh5ycJAAhr"}
2026-04-14T23:55:14.381Z [ERROR] [EventsGateway] Client connected without token {"clientId":"MG2QoZ-WUOKlbI9VAAht"}
2026-04-14T23:55:14.395Z [ERROR] [EventsGateway] Client connected without token {"clientId":"e09bKSElcYdGKAScAAhv"}
2026-04-14T23:55:14.409Z [ERROR] [EventsGateway] Client connected without token {"clientId":"5EN8bjlkv2rJx8TjAAhx"}
2026-04-14T23:55:14.424Z [ERROR] [EventsGateway] Client connected without token {"clientId":"JMuFVVqc8O7LsT6BAAhz"}
2026-04-14T23:55:14.438Z [ERROR] [EventsGateway] Client connected without token {"clientId":"S-r7PQxXW-aRz74JAAh1"}
2026-04-14T23:55:14.453Z [ERROR] [EventsGateway] Client connected without token {"clientId":"4YohMGETelb6Xd3WAAh3"}
2026-04-14T23:55:14.467Z [ERROR] [EventsGateway] Client connected without token {"clientId":"NJETR5Awkxo-eELeAAh5"}
2026-04-14T23:55:14.481Z [ERROR] [EventsGateway] Client connected without token {"clientId":"7VItov8pjEq3qnvDAAh7"}
2026-04-14T23:55:14.494Z [ERROR] [EventsGateway] Client connected without token {"clientId":"Frzc_t76HojyQF52AAh9"}
2026-04-14T23:55:14.506Z [ERROR] [EventsGateway] Client connected without token {"clientId":"2Op-GgLXG44uAi_GAAh_"}
2026-04-14T23:55:14.520Z [ERROR] [EventsGateway] Client connected without token {"clientId":"Fcte1XBSU_RGcr-8AAiB"}
2026-04-14T23:55:14.535Z [ERROR] [EventsGateway] Client connected without token {"clientId":"rnO88A2Vo6V6g00eAAiD"}
2026-04-14T23:55:14.550Z [ERROR] [EventsGateway] Client connected without token {"clientId":"NWtOZzmcq9bafJIjAAiF"}
2026-04-14T23:55:14.567Z [ERROR] [EventsGateway] Client connected without token {"clientId":"YkagDKvR7psjKhb2AAiH"}
2026-04-14T23:55:14.581Z [ERROR] [EventsGateway] Client connected without token {"clientId":"IoaE7AGxRHv233F-AAiJ"}
2026-04-14T23:55:14.593Z [ERROR] [EventsGateway] Client connected without token {"clientId":"Q2jPfMnBWoNEeo7tAAiL"}
2026-04-14T23:55:14.608Z [ERROR] [EventsGateway] Client connected without token {"clientId":"f4V3njXL4QhI6Z94AAiN"}
2026-04-14T23:55:14.626Z [ERROR] [EventsGateway] Client connected without token {"clientId":"WoOsRpo87ppnav0RAAiP"}
2026-04-14T23:55:14.639Z [ERROR] [EventsGateway] Client connected without token {"clientId":"csYLzrkBh1NX3jJVAAiR"}
2026-04-14T23:55:14.651Z [ERROR] [EventsGateway] Client connected without token {"clientId":"fEoVMNDsCKDaGnQWAAiT"}
2026-04-14T23:55:14.664Z [ERROR] [EventsGateway] Client connected without token {"clientId":"_FoJC3Bb7iOw79lOAAiV"}
2026-04-14T23:55:14.679Z [ERROR] [EventsGateway] Client connected without token {"clientId":"SDafHsEpKO3L-knNAAiX"}
2026-04-14T23:55:14.691Z [ERROR] [EventsGateway] Client connected without token {"clientId":"jNSvakyNTExzw5nnAAiZ"}
2026-04-14T23:55:14.704Z [ERROR] [EventsGateway] Client connected without token {"clientId":"cClRCkYsOYsUhjF7AAib"}
2026-04-14T23:55:14.719Z [ERROR] [EventsGateway] Client connected without token {"clientId":"pMSV98KhoOdIN-EAAAid"}
2026-04-14T23:55:14.732Z [ERROR] [EventsGateway] Client connected without token {"clientId":"XpQ5v-MtVt6cYWuQAAif"}
2026-04-14T23:55:14.753Z [ERROR] [EventsGateway] Client connected without token {"clientId":"y8R8N1IVmGSlnhtIAAih"}
2026-04-14T23:55:14.763Z [ERROR] [EventsGateway] Client connected without token {"clientId":"zmYzOJv1jZI0UvLWAAij"}
2026-04-14T23:55:14.777Z [ERROR] [EventsGateway] Client connected without token {"clientId":"ht5yes1mNtJkjCwzAAil"}
2026-04-14T23:55:14.791Z [ERROR] [EventsGateway] Client connected without token {"clientId":"okJfLZWAsHABkdXQAAin"}
2026-04-14T23:55:14.806Z [ERROR] [EventsGateway] Client connected without token {"clientId":"63BWqVgJUa-2s7xHAAip"}
2026-04-14T23:55:14.819Z [ERROR] [EventsGateway] Client connected without token {"clientId":"z1cqcwimU2gC36unAAir"}
2026-04-14T23:55:14.833Z [ERROR] [EventsGateway] Client connected without token {"clientId":"iXvzkA7rltJmvxX_AAit"}
2026-04-14T23:55:14.851Z [ERROR] [EventsGateway] Client connected without token {"clientId":"lIQb-4A06FvnFMNIAAiv"}
2026-04-14T23:55:14.865Z [ERROR] [EventsGateway] Client connected without token {"clientId":"Flo1OV4tvMMMfWt3AAix"}
2026-04-14T23:55:14.879Z [ERROR] [EventsGateway] Client connected without token {"clientId":"gLK5IHhjDgzpbDOuAAiz"}
2026-04-14T23:55:14.897Z [ERROR] [EventsGateway] Client connected without token {"clientId":"eIYFEyLe2dId6ag8AAi1"}
2026-04-14T23:55:14.911Z [ERROR] [EventsGateway] Client connected without token {"clientId":"Oy4daZzats5bm7oNAAi3"}
2026-04-14T23:55:14.928Z [ERROR] [EventsGateway] Client connected without token {"clientId":"IFeEkQ1ga1A5oEalAAi5"}
2026-04-14T23:55:14.941Z [ERROR] [EventsGateway] Client connected without token {"clientId":"11BZ3b7UKgjn1edHAAi7"}
2026-04-14T23:55:14.954Z [ERROR] [EventsGateway] Client connected without token {"clientId":"uOwph3_dCnVoju4UAAi9"}
2026-04-14T23:55:14.970Z [ERROR] [EventsGateway] Client connected without token {"clientId":"rWq5gDSWsieuHezCAAi_"}
2026-04-14T23:55:14.981Z [ERROR] [EventsGateway] Client connected without token {"clientId":"abxChoe3Jt7krdJUAAjB"}
2026-04-14T23:55:14.998Z [ERROR] [EventsGateway] Client connected without token {"clientId":"3hWG0HookUctk1aXAAjD"}
2026-04-14T23:55:15.010Z [ERROR] [EventsGateway] Client connected without token {"clientId":"mGcT3_F1xPFLXYdVAAjF"}
2026-04-14T23:55:15.023Z [ERROR] [EventsGateway] Client connected without token {"clientId":"cElw-qWIDMxSms3tAAjH"}
2026-04-14T23:55:15.037Z [ERROR] [EventsGateway] Client connected without token {"clientId":"U9CNcR7fLEl4Mu-6AAjJ"}
2026-04-14T23:55:15.057Z [ERROR] [EventsGateway] Client connected without token {"clientId":"lllKxOHuZGFfgcfZAAjL"}
2026-04-14T23:55:15.072Z [ERROR] [EventsGateway] Client connected without token {"clientId":"w18td3m4Oo4PG2qpAAjN"}
2026-04-14T23:55:15.087Z [ERROR] [EventsGateway] Client connected without token {"clientId":"FtvtpyCQb7LmKySCAAjP"}
2026-04-14T23:55:15.101Z [ERROR] [EventsGateway] Client connected without token {"clientId":"vvQ54ppR4DuEIsnQAAjR"}
2026-04-14T23:55:15.116Z [ERROR] [EventsGateway] Client connected without token {"clientId":"pDlNk9gbDw9SZ1mqAAjT"}
2026-04-14T23:55:15.129Z [ERROR] [EventsGateway] Client connected without token {"clientId":"0Erd_VeJozqFsn5nAAjV"}
2026-04-14T23:55:15.143Z [ERROR] [EventsGateway] Client connected without token {"clientId":"Se9lcbf2Jl35ChciAAjX"}
2026-04-14T23:55:15.156Z [ERROR] [EventsGateway] Client connected without token {"clientId":"PsZp79n6RfeQtwBSAAjZ"}
2026-04-14T23:55:15.172Z [ERROR] [EventsGateway] Client connected without token {"clientId":"N0FhGV9tchIBGYdiAAjb"}
2026-04-14T23:55:15.184Z [ERROR] [EventsGateway] Client connected without token {"clientId":"NNE7OXuVZRC15rgCAAjd"}
2026-04-14T23:55:15.198Z [ERROR] [EventsGateway] Client connected without token {"clientId":"H9oPuBaYgmMgr5eBAAjf"}
2026-04-14T23:55:15.213Z [ERROR] [EventsGateway] Client connected without token {"clientId":"lU2aWN57ao_LtUaVAAjh"}
2026-04-14T23:55:15.226Z [ERROR] [EventsGateway] Client connected without token {"clientId":"BqNqLzjOj3ofEKY7AAjj"}
2026-04-14T23:55:15.241Z [ERROR] [EventsGateway] Client connected without token {"clientId":"cIqJbFiziMORCYDhAAjl"}
2026-04-14T23:55:15.255Z [ERROR] [EventsGateway] Client connected without token {"clientId":"qGuKqZEdMFTBnQD2AAjn"}
2026-04-14T23:55:15.270Z [ERROR] [EventsGateway] Client connected without token {"clientId":"tN38ejGmbtkjOsfVAAjp"}
2026-04-14T23:55:15.284Z [ERROR] [EventsGateway] Client connected without token {"clientId":"ImBhXnsLP3QGJcXAAAjr"}
2026-04-14T23:55:15.298Z [ERROR] [EventsGateway] Client connected without token {"clientId":"sVoSy757a-_B5hahAAjt"}
2026-04-14T23:55:15.311Z [ERROR] [EventsGateway] Client connected without token {"clientId":"PMlelDiK6HPEE5DGAAjv"}
2026-04-14T23:55:15.329Z [ERROR] [EventsGateway] Client connected without token {"clientId":"noZKY2G14-VDCpCXAAjx"}
2026-04-14T23:55:15.452Z [ERROR] [EventsGateway] Client connected without token {"clientId":"mn3BzbmDBcyV4tZWAAjz"}
2026-04-14T23:55:15.817Z [ERROR] [EventsGateway] Client connected without token {"clientId":"Nr_1tw-x8NpsPEw-AAj1"}
2026-04-14T23:55:15.911Z [ERROR] [EventsGateway] Client connected without token {"clientId":"5Pcey5o4DAm6zSihAAj3"}
2026-04-14T23:55:16.315Z [ERROR] [EventsGateway] Client connected without token {"clientId":"kgnYxCxAxtNy42QFAAj5"}
2026-04-14T23:55:16.930Z [ERROR] [EventsGateway] Client connected without token {"clientId":"v9Z9q9rMUOTSsV5MAAj7"}
2026-04-14T23:55:17.818Z [ERROR] [EventsGateway] Client connected without token {"clientId":"USPfficEIOFUGefoAAj9"}
2026-04-14T23:55:17.995Z [ERROR] [EventsGateway] Client connected without token {"clientId":"JrKT9-312puxhaoWAAj_"}
2026-04-14T23:55:18.209Z [ERROR] [EventsGateway] Client connected without token {"clientId":"2_sbNrzcg4P93dh1AAkB"}
2026-04-14T23:55:18.234Z [ERROR] [EventsGateway] Client connected without token {"clientId":"XrkadWH7BDjKs06aAAkD"}
2026-04-14T23:55:18.248Z [ERROR] [EventsGateway] Client connected without token {"clientId":"eDH8MLo3ZavBJNGmAAkF"}
2026-04-14T23:55:18.271Z [ERROR] [EventsGateway] Client connected without token {"clientId":"kEHg7HrghxdhQQEEAAkH"}
2026-04-14T23:55:19.085Z [ERROR] [EventsGateway] Client connected without token {"clientId":"mxiEEVFpPF5C_4lVAAkJ"}
2026-04-14T23:55:20.092Z [ERROR] [EventsGateway] Client connected without token {"clientId":"ADKp52oIYZKDx7lLAAkL"}
2026-04-14T23:55:20.991Z [ERROR] [EventsGateway] Client connected without token {"clientId":"MhEVMy0Hl9XKKyLNAAkN"}
2026-04-14T23:55:21.018Z [ERROR] [EventsGateway] Client connected without token {"clientId":"p9abw6JlpSpVI9J8AAkP"}
2026-04-14T23:55:21.036Z [ERROR] [EventsGateway] Client connected without token {"clientId":"3_ErR6A8pgY8iIBrAAkR"}
2026-04-14T23:55:21.936Z [ERROR] [EventsGateway] Client connected without token {"clientId":"3Gi35s133POe_dIwAAkT"}
2026-04-14T23:55:23.069Z [ERROR] [EventsGateway] Client connected without token {"clientId":"EAIb5Laf5JbgKs5dAAkV"}
2026-04-14T23:55:23.128Z [ERROR] [EventsGateway] Client connected without token {"clientId":"3LQXObd7UcFhjkbLAAkX"}
2026-04-14T23:55:23.170Z [ERROR] [EventsGateway] Client connected without token {"clientId":"FQiEiX6NbZmaLt_LAAkZ"}
2026-04-14T23:55:23.621Z [ERROR] [EventsGateway] Client connected without token {"clientId":"sIt3l_b16D4A_RRDAAkb"}
2026-04-14T23:55:23.640Z [ERROR] [EventsGateway] Client connected without token {"clientId":"62Nl4zE7lc94VzhmAAkd"}
2026-04-14T23:55:23.676Z [ERROR] [EventsGateway] Client connected without token {"clientId":"HsTdJCnERdVpS1U2AAkf"}
2026-04-14T23:55:25.020Z [ERROR] [EventsGateway] Client connected without token {"clientId":"Y6ja3m1E1QLxnr8QAAkh"}
2026-04-14T23:55:25.959Z [ERROR] [EventsGateway] Client connected without token {"clientId":"4_-eHFVgBcHvvhKmAAkj"}
2026-04-14T23:55:26.268Z [ERROR] [EventsGateway] Client connected without token {"clientId":"YkeyuG_t27-PdUE9AAkl"}
2026-04-14T23:55:27.095Z [ERROR] [EventsGateway] Client connected without token {"clientId":"TWlJkEzoKolD1pzNAAkn"}
2026-04-14T23:55:27.108Z [ERROR] [EventsGateway] Client connected without token {"clientId":"boW6MWcyrjEucklfAAkp"}
2026-04-14T23:55:27.124Z [ERROR] [EventsGateway] Client connected without token {"clientId":"ld2nyHdoX5J5HJB_AAkr"}
2026-04-14T23:55:27.143Z [ERROR] [EventsGateway] Client connected without token {"clientId":"hJfHbT7Qd1pVbKK4AAkt"}
2026-04-14T23:55:27.162Z [ERROR] [EventsGateway] Client connected without token {"clientId":"zBEwu8fTZ0AbgegUAAkv"}
2026-04-14T23:55:28.987Z [ERROR] [EventsGateway] Client connected without token {"clientId":"_GsWfCa3Vd7Rez2sAAkx"}
2026-04-14T23:55:30.400Z [ERROR] [EventsGateway] Client connected without token {"clientId":"Xpav1WsAE0Gr5DaLAAkz"}
2026-04-14T23:55:30.421Z [ERROR] [EventsGateway] Client connected without token {"clientId":"1CCnC2BI809huI-YAAk1"}
2026-04-14T23:55:30.436Z [ERROR] [EventsGateway] Client connected without token {"clientId":"iZfxxdL6H5T6CI8dAAk3"}
2026-04-14T23:55:31.712Z [ERROR] [EventsGateway] Client connected without token {"clientId":"nvcj3Lxp7ikaBOH9AAk5"}
2026-04-14T23:55:31.759Z [ERROR] [EventsGateway] Client connected without token {"clientId":"5Yvdia9sWL-L0ixLAAk7"}
2026-04-14T23:55:31.784Z [ERROR] [EventsGateway] Client connected without token {"clientId":"o6KgYp_Yjyw-h7SiAAk9"}
2026-04-14T23:55:31.799Z [ERROR] [EventsGateway] Client connected without token {"clientId":"0g13mfxDVVSSFo71AAk_"}
2026-04-14T23:55:31.814Z [ERROR] [EventsGateway] Client connected without token {"clientId":"pXs-OGH6z-mDIVltAAlB"}
2026-04-14T23:55:32.734Z [ERROR] [EventsGateway] Client connected without token {"clientId":"3sFMhcF-8Q_lmWvZAAlD"}
2026-04-14T23:55:32.803Z [ERROR] [EventsGateway] Client connected without token {"clientId":"yPh5Hyfou1ZzmYCoAAlF"}
2026-04-14T23:55:33.492Z [ERROR] [EventsGateway] Client connected without token {"clientId":"PHkFYR4sbCIIU44aAAlH"}
2026-04-14T23:55:34.177Z [ERROR] [EventsGateway] Client connected without token {"clientId":"i1RVoEZVUk68uZx1AAlJ"}
2026-04-14T23:55:34.900Z [ERROR] [EventsGateway] Client connected without token {"clientId":"snamKm88mfd8jxtkAAlL"}
2026-04-14T23:55:34.920Z [ERROR] [EventsGateway] Client connected without token {"clientId":"t7-QEUMImWSVPctNAAlN"}
2026-04-14T23:55:34.939Z [ERROR] [EventsGateway] Client connected without token {"clientId":"PWuwEc5UJsQ2aw2NAAlP"}
2026-04-14T23:55:34.952Z [ERROR] [EventsGateway] Client connected without token {"clientId":"FmK7tf9L7WJrDyAHAAlR"}
2026-04-14T23:55:35.314Z [ERROR] [EventsGateway] Client connected without token {"clientId":"iZ_iSPMkFPxI00v7AAlT"}
2026-04-14T23:55:35.360Z [ERROR] [EventsGateway] Client connected without token {"clientId":"6WZmR4rKaLNMIfyQAAlV"}
2026-04-14T23:55:35.399Z [ERROR] [EventsGateway] Client connected without token {"clientId":"g3Thae4DeEyxvbu5AAlX"}
2026-04-14T23:55:35.414Z [ERROR] [EventsGateway] Client connected without token {"clientId":"iKHRFnV_kl5cfFLvAAlZ"}
2026-04-14T23:55:35.442Z [ERROR] [EventsGateway] Client connected without token {"clientId":"0O1IrkDxUDi54jxUAAlb"}
2026-04-14T23:55:35.460Z [ERROR] [EventsGateway] Client connected without token {"clientId":"toBIrkw7aQCTz5I6AAld"}
2026-04-14T23:55:35.589Z [ERROR] [EventsGateway] Client connected without token {"clientId":"Bo2lDVWI8C4cz4g5AAlf"}
2026-04-14T23:55:35.596Z [ERROR] [EventsGateway] Client connected without token {"clientId":"nd9FudbTbO90mJqnAAlh"}
2026-04-14T23:55:35.662Z [ERROR] [EventsGateway] Client connected without token {"clientId":"qYw6NZowNbuww0fMAAlj"}
2026-04-14T23:55:35.673Z [ERROR] [EventsGateway] Client connected without token {"clientId":"RuMZ_HAOJECSiai3AAll"}
2026-04-14T23:55:35.688Z [ERROR] [EventsGateway] Client connected without token {"clientId":"QOKyZH1ykfBnN9FmAAln"}
2026-04-14T23:55:35.705Z [ERROR] [EventsGateway] Client connected without token {"clientId":"4caZllQik11VjJT0AAlp"}
2026-04-14T23:55:35.721Z [ERROR] [EventsGateway] Client connected without token {"clientId":"vzCKLS3rl5ME8WC0AAlr"}
2026-04-14T23:55:35.732Z [ERROR] [EventsGateway] Client connected without token {"clientId":"95TV9zbjemhWnQhPAAlt"}
2026-04-14T23:55:35.747Z [ERROR] [EventsGateway] Client connected without token {"clientId":"SQ2ACiHj2_s5h04pAAlv"}
2026-04-14T23:55:35.762Z [ERROR] [EventsGateway] Client connected without token {"clientId":"xlJTEpIT7jPCiFI5AAlx"}
2026-04-14T23:55:35.775Z [ERROR] [EventsGateway] Client connected without token {"clientId":"AW91_fBZPtSSHhKKAAlz"}
2026-04-14T23:55:35.789Z [ERROR] [EventsGateway] Client connected without token {"clientId":"Ol0H_3GA5gdXZcrBAAl1"}
2026-04-14T23:55:35.805Z [ERROR] [EventsGateway] Client connected without token {"clientId":"8N9-_73xxQTLL3sSAAl3"}
2026-04-14T23:55:35.819Z [ERROR] [EventsGateway] Client connected without token {"clientId":"cie79PQmbUc2L7lxAAl5"}
2026-04-14T23:55:35.831Z [ERROR] [EventsGateway] Client connected without token {"clientId":"hIrHMbhHiD3AXyXqAAl7"}
2026-04-14T23:55:35.845Z [ERROR] [EventsGateway] Client connected without token {"clientId":"5AvC6XG9W9-p_ZHwAAl9"}
2026-04-14T23:55:35.860Z [ERROR] [EventsGateway] Client connected without token {"clientId":"Lyc1Bunr9hDc6PuKAAl_"}
2026-04-14T23:55:35.879Z [ERROR] [EventsGateway] Client connected without token {"clientId":"qIkIlQ2UNa6mX1OUAAmB"}
2026-04-14T23:55:35.894Z [ERROR] [EventsGateway] Client connected without token {"clientId":"m342HAhTFNRJTmZ4AAmD"}
2026-04-14T23:55:35.911Z [ERROR] [EventsGateway] Client connected without token {"clientId":"L1IS5S7FqzNHlEoFAAmF"}
2026-04-14T23:55:35.929Z [ERROR] [EventsGateway] Client connected without token {"clientId":"_S3u7F-IXkTSYQltAAmH"}
2026-04-14T23:55:35.941Z [ERROR] [EventsGateway] Client connected without token {"clientId":"3UR6W3kmsn7uiaTUAAmJ"}
2026-04-14T23:55:35.956Z [ERROR] [EventsGateway] Client connected without token {"clientId":"cRtA73R9yumXvzskAAmL"}
2026-04-14T23:55:35.973Z [ERROR] [EventsGateway] Client connected without token {"clientId":"S_mam4I0csKt_5btAAmN"}
2026-04-14T23:55:35.984Z [ERROR] [EventsGateway] Client connected without token {"clientId":"QLl9DqlDEUH05PZbAAmP"}
2026-04-14T23:55:35.997Z [ERROR] [EventsGateway] Client connected without token {"clientId":"1T3jj6YRxf8rhH8UAAmR"}
2026-04-14T23:55:36.023Z [ERROR] [EventsGateway] Client connected without token {"clientId":"RhtHBYDqCjQj6FjsAAmT"}
2026-04-14T23:55:36.050Z [ERROR] [EventsGateway] Client connected without token {"clientId":"w8Ijx6x6Dpy1U4anAAmV"}
2026-04-14T23:55:36.065Z [ERROR] [EventsGateway] Client connected without token {"clientId":"dARAhtqrU1l_MHxYAAmX"}
2026-04-14T23:55:36.088Z [ERROR] [EventsGateway] Client connected without token {"clientId":"GFX5lEgntbyp6DHVAAmZ"}
2026-04-14T23:55:36.096Z [ERROR] [EventsGateway] Client connected without token {"clientId":"hatARDrMGwHOLKATAAmb"}
2026-04-14T23:55:36.109Z [ERROR] [EventsGateway] Client connected without token {"clientId":"rZM0rI8HeRz_iSdDAAmd"}
2026-04-14T23:55:36.123Z [ERROR] [EventsGateway] Client connected without token {"clientId":"GUWZLhqNSNuYumKSAAmf"}
2026-04-14T23:55:36.140Z [ERROR] [EventsGateway] Client connected without token {"clientId":"GAB7HVhMyT_pHnCuAAmh"}
2026-04-14T23:55:36.153Z [ERROR] [EventsGateway] Client connected without token {"clientId":"GwmxNLo4q6h8Ak1NAAmj"}
2026-04-14T23:55:36.169Z [ERROR] [EventsGateway] Client connected without token {"clientId":"JnN6vKTYPU7urmYyAAml"}
2026-04-14T23:55:36.192Z [ERROR] [EventsGateway] Client connected without token {"clientId":"SMXP30ysghGHHEuOAAmn"}
2026-04-14T23:55:36.204Z [ERROR] [EventsGateway] Client connected without token {"clientId":"4hjUeedtAsQpjwqFAAmp"}
2026-04-14T23:55:36.219Z [ERROR] [EventsGateway] Client connected without token {"clientId":"EBQGneNGQ_jcz08jAAmr"}
2026-04-14T23:55:36.233Z [ERROR] [EventsGateway] Client connected without token {"clientId":"91wSERoeYEj-C5ZIAAmt"}
2026-04-14T23:55:36.246Z [ERROR] [EventsGateway] Client connected without token {"clientId":"F_n-Ep-05zEsGwh4AAmv"}
2026-04-14T23:55:36.262Z [ERROR] [EventsGateway] Client connected without token {"clientId":"vFiYjrvHw-zDQL65AAmx"}
2026-04-14T23:55:36.284Z [ERROR] [EventsGateway] Client connected without token {"clientId":"9rieCP-4GU17hfI_AAmz"}
2026-04-14T23:55:36.323Z [ERROR] [EventsGateway] Client connected without token {"clientId":"a6VuPTA5NK0S_pTTAAm1"}
2026-04-14T23:55:36.349Z [ERROR] [EventsGateway] Client connected without token {"clientId":"thetlxYFQxjwe7BEAAm3"}
2026-04-14T23:55:36.370Z [ERROR] [EventsGateway] Client connected without token {"clientId":"sPmlxWkOaSaW3KodAAm5"}
2026-04-14T23:55:36.391Z [ERROR] [EventsGateway] Client connected without token {"clientId":"SWlhwyLpLRXohBbPAAm7"}
2026-04-14T23:55:36.406Z [ERROR] [EventsGateway] Client connected without token {"clientId":"PBEiNi4Hda8rr7A-AAm9"}
2026-04-14T23:55:36.417Z [ERROR] [EventsGateway] Client connected without token {"clientId":"DwA9eLEY0Wte02B5AAm_"}
2026-04-14T23:55:36.433Z [ERROR] [EventsGateway] Client connected without token {"clientId":"27JtMJsgvLk2_I1zAAnB"}
2026-04-14T23:55:36.450Z [ERROR] [EventsGateway] Client connected without token {"clientId":"laYDIijO0ndn0PRxAAnD"}
2026-04-14T23:55:36.488Z [ERROR] [EventsGateway] Client connected without token {"clientId":"7cEP9g-XymVtouTNAAnF"}
2026-04-14T23:55:36.548Z [ERROR] [EventsGateway] Client connected without token {"clientId":"aDRzJS9OYfF-9_fEAAnH"}
2026-04-14T23:55:36.564Z [ERROR] [EventsGateway] Client connected without token {"clientId":"n0h2UG2RbwAtRAkfAAnJ"}
2026-04-14T23:55:36.596Z [ERROR] [EventsGateway] Client connected without token {"clientId":"twNyJx6Y4ffNnOQqAAnL"}
2026-04-14T23:55:36.614Z [ERROR] [EventsGateway] Client connected without token {"clientId":"3zjWo5sdqs1m_n6UAAnN"}
2026-04-14T23:55:36.630Z [ERROR] [EventsGateway] Client connected without token {"clientId":"Niwlp7cHlUP6mnveAAnP"}
2026-04-14T23:55:36.645Z [ERROR] [EventsGateway] Client connected without token {"clientId":"24ab5kmlzBRv5istAAnR"}
2026-04-14T23:55:36.662Z [ERROR] [EventsGateway] Client connected without token {"clientId":"RhBhpV0PWRgakL-0AAnT"}
2026-04-14T23:55:36.678Z [ERROR] [EventsGateway] Client connected without token {"clientId":"AbpYJHy74ebMm-1yAAnV"}
2026-04-14T23:55:36.698Z [ERROR] [EventsGateway] Client connected without token {"clientId":"UJ0n9UzeiWIdMFE_AAnX"}
2026-04-14T23:55:36.713Z [ERROR] [EventsGateway] Client connected without token {"clientId":"x1KxADxbW5wjk5APAAnZ"}
2026-04-14T23:55:36.731Z [ERROR] [EventsGateway] Client connected without token {"clientId":"aXpNNe9Q4aJVhzP1AAnb"}
2026-04-14T23:55:36.745Z [ERROR] [EventsGateway] Client connected without token {"clientId":"Q6PS2mpa5KrPoQP8AAnd"}
2026-04-14T23:55:36.834Z [ERROR] [EventsGateway] Client connected without token {"clientId":"PHKZqpo77XApPBvbAAnf"}
2026-04-14T23:55:36.863Z [ERROR] [EventsGateway] Client connected without token {"clientId":"yQC-h4BjR36NZBT-AAnh"}
2026-04-14T23:55:37.010Z [ERROR] [EventsGateway] Client connected without token {"clientId":"tBs1YPCUrJzw_uugAAnj"}
2026-04-14T23:55:37.022Z [ERROR] [EventsGateway] Client connected without token {"clientId":"IKXXGAdVY-OrSDe7AAnl"}
2026-04-14T23:55:37.061Z [ERROR] [EventsGateway] Client connected without token {"clientId":"ILfcb5cLrVlPnnoWAAnn"}
2026-04-14T23:55:37.077Z [ERROR] [EventsGateway] Client connected without token {"clientId":"J4A4EgZVaOXKdglFAAnp"}
2026-04-14T23:55:37.093Z [ERROR] [EventsGateway] Client connected without token {"clientId":"u2OBMWqljKPGdvjwAAnr"}
2026-04-14T23:55:37.110Z [ERROR] [EventsGateway] Client connected without token {"clientId":"MvT3dvmLBvWbvgu4AAnt"}
2026-04-14T23:55:37.126Z [ERROR] [EventsGateway] Client connected without token {"clientId":"xkmAZFT7yrawiKuzAAnv"}
2026-04-14T23:55:37.149Z [ERROR] [EventsGateway] Client connected without token {"clientId":"M5AAncjyhY89tQTPAAnx"}
2026-04-14T23:55:37.165Z [ERROR] [EventsGateway] Client connected without token {"clientId":"uNFVA8vWKlVhjsilAAnz"}
2026-04-14T23:55:37.180Z [ERROR] [EventsGateway] Client connected without token {"clientId":"ygQSorngbFXc4VQ_AAn1"}
2026-04-14T23:55:37.197Z [ERROR] [EventsGateway] Client connected without token {"clientId":"g-XiOzABtVtM47bVAAn3"}
2026-04-14T23:55:37.219Z [ERROR] [EventsGateway] Client connected without token {"clientId":"w0isUYxEfCaV1awJAAn5"}
2026-04-14T23:55:37.238Z [ERROR] [EventsGateway] Client connected without token {"clientId":"QIruqU0h3nWHKylDAAn7"}
2026-04-14T23:55:37.253Z [ERROR] [EventsGateway] Client connected without token {"clientId":"BEk8keT5_DHrjjHuAAn9"}
2026-04-14T23:55:37.270Z [ERROR] [EventsGateway] Client connected without token {"clientId":"RjuPNtA7IYfilD2GAAn_"}
2026-04-14T23:55:37.287Z [ERROR] [EventsGateway] Client connected without token {"clientId":"BcsvUXD4vgxZMsU4AAoB"}
2026-04-14T23:55:37.317Z [ERROR] [EventsGateway] Client connected without token {"clientId":"CGUPbF8hNMte498kAAoD"}
2026-04-14T23:55:37.332Z [ERROR] [EventsGateway] Client connected without token {"clientId":"kUKgkT9c3u8win1uAAoF"}
2026-04-14T23:55:37.349Z [ERROR] [EventsGateway] Client connected without token {"clientId":"22-Il-zKDQndNxTGAAoH"}
2026-04-14T23:55:37.365Z [ERROR] [EventsGateway] Client connected without token {"clientId":"WkhCel6GgtYnrFHkAAoJ"}
2026-04-14T23:55:37.379Z [ERROR] [EventsGateway] Client connected without token {"clientId":"tTTn53Zzqo57MI4BAAoL"}
2026-04-14T23:55:37.396Z [ERROR] [EventsGateway] Client connected without token {"clientId":"HFmBAtDp_u6tk9tQAAoN"}
2026-04-14T23:55:37.410Z [ERROR] [EventsGateway] Client connected without token {"clientId":"OVjN8KVn8oIRKFRoAAoP"}
2026-04-14T23:55:37.430Z [ERROR] [EventsGateway] Client connected without token {"clientId":"PE8DsOA-lFw51AKSAAoR"}
2026-04-14T23:55:37.451Z [ERROR] [EventsGateway] Client connected without token {"clientId":"LKXqhi8sy6S6tMZ4AAoT"}
2026-04-14T23:55:37.473Z [ERROR] [EventsGateway] Client connected without token {"clientId":"qglNuLU7nU6H27ApAAoV"}
2026-04-14T23:55:37.493Z [ERROR] [EventsGateway] Client connected without token {"clientId":"VHHW7hwbgLNexVHRAAoX"}
2026-04-14T23:55:37.516Z [ERROR] [EventsGateway] Client connected without token {"clientId":"s0cjHfVQiRYDYOszAAoZ"}
2026-04-14T23:55:37.533Z [ERROR] [EventsGateway] Client connected without token {"clientId":"vZHl0-qpIbvFMG26AAob"}
2026-04-14T23:55:37.571Z [ERROR] [EventsGateway] Client connected without token {"clientId":"JJz-p3NH5DE9fghfAAod"}
2026-04-14T23:55:37.585Z [ERROR] [EventsGateway] Client connected without token {"clientId":"ApDIagj0DKeXvNQwAAof"}
2026-04-14T23:55:37.600Z [ERROR] [EventsGateway] Client connected without token {"clientId":"5vQf3_KTYIXXWFp3AAoh"}
2026-04-14T23:55:37.705Z [ERROR] [EventsGateway] Client connected without token {"clientId":"g62avYowGvvyksaSAAoj"}
2026-04-14T23:55:37.716Z [ERROR] [EventsGateway] Client connected without token {"clientId":"3-6j5zjD_nMWOCWJAAol"}
2026-04-14T23:55:37.750Z [ERROR] [EventsGateway] Client connected without token {"clientId":"g1-MVSMtD3rRfGmdAAon"}
2026-04-14T23:55:37.764Z [ERROR] [EventsGateway] Client connected without token {"clientId":"HLmECz6eP5YAQSeNAAop"}
2026-04-14T23:55:37.782Z [ERROR] [EventsGateway] Client connected without token {"clientId":"zRK36V7qXZiBvBeUAAor"}
2026-04-14T23:55:37.797Z [ERROR] [EventsGateway] Client connected without token {"clientId":"pIxsX4zdx_ClYYrJAAot"}
2026-04-14T23:55:37.819Z [ERROR] [EventsGateway] Client connected without token {"clientId":"GDlG5hos0LGevmckAAov"}
2026-04-14T23:55:37.856Z [ERROR] [EventsGateway] Client connected without token {"clientId":"z_yDavVMPNnEdC37AAox"}
2026-04-14T23:55:37.903Z [ERROR] [EventsGateway] Client connected without token {"clientId":"4zsvszpavz_hLUPSAAoz"}
2026-04-14T23:55:37.935Z [ERROR] [EventsGateway] Client connected without token {"clientId":"nXgnP2i_7uNgkVDPAAo1"}
2026-04-14T23:55:37.989Z [ERROR] [EventsGateway] Client connected without token {"clientId":"nWEBDJwNJSKqD2pdAAo3"}
2026-04-14T23:55:38.074Z [ERROR] [EventsGateway] Client connected without token {"clientId":"Y0VV3XxDyBl4YUaRAAo5"}
2026-04-14T23:55:38.099Z [ERROR] [EventsGateway] Client connected without token {"clientId":"tffqYDMb0EYgW4a4AAo7"}
2026-04-14T23:55:38.117Z [ERROR] [EventsGateway] Client connected without token {"clientId":"UlVZ95AmpRz_j7I8AAo9"}
2026-04-14T23:55:38.133Z [ERROR] [EventsGateway] Client connected without token {"clientId":"gUKe-jlg_cUD1aiTAAo_"}
2026-04-14T23:55:38.154Z [ERROR] [EventsGateway] Client connected without token {"clientId":"8qDFnbzbsxrrm7NCAApB"}
2026-04-14T23:55:38.171Z [ERROR] [EventsGateway] Client connected without token {"clientId":"wLKHRlUT7GCB77mgAApD"}
2026-04-14T23:55:38.198Z [ERROR] [EventsGateway] Client connected without token {"clientId":"yrMmicGgR4eezZ9KAApF"}
2026-04-14T23:55:38.231Z [ERROR] [EventsGateway] Client connected without token {"clientId":"p3DTTMwyP5oYT7tgAApH"}
2026-04-14T23:55:38.242Z [ERROR] [EventsGateway] Client connected without token {"clientId":"ryWyoGyDItebXMAhAApJ"}
2026-04-14T23:55:38.258Z [ERROR] [EventsGateway] Client connected without token {"clientId":"TiXsJ53SYnrfks-hAApL"}
2026-04-14T23:55:38.274Z [ERROR] [EventsGateway] Client connected without token {"clientId":"hfzzVhiT9Nzcp2x3AApN"}
2026-04-14T23:55:38.403Z [ERROR] [EventsGateway] Client connected without token {"clientId":"L1mJQve_sFCfcOERAApP"}
2026-04-14T23:55:38.492Z [ERROR] [EventsGateway] Client connected without token {"clientId":"e3qLRECgQo7pIhx7AApR"}
2026-04-14T23:55:38.506Z [ERROR] [EventsGateway] Client connected without token {"clientId":"HTUI3U9AgY6BAsmnAApT"}
2026-04-14T23:55:38.528Z [ERROR] [EventsGateway] Client connected without token {"clientId":"gZ1VmVWbGdWTyQpDAApV"}
2026-04-14T23:55:38.541Z [ERROR] [EventsGateway] Client connected without token {"clientId":"BGprFDBNXuRKsLNzAApX"}
2026-04-14T23:55:38.563Z [ERROR] [EventsGateway] Client connected without token {"clientId":"lJ4vtEzlQwyc6oJAAApZ"}
2026-04-14T23:55:38.582Z [ERROR] [EventsGateway] Client connected without token {"clientId":"dUywbV6NMkRKJ7CxAApb"}
2026-04-14T23:55:38.599Z [ERROR] [EventsGateway] Client connected without token {"clientId":"Ry1VeYNImEo8KRrDAApd"}
2026-04-14T23:55:38.617Z [ERROR] [EventsGateway] Client connected without token {"clientId":"RbZC_iFwc5r03kWiAApf"}
2026-04-14T23:55:38.633Z [ERROR] [EventsGateway] Client connected without token {"clientId":"NKvNUlI17-3KukC0AAph"}
2026-04-14T23:55:38.651Z [ERROR] [EventsGateway] Client connected without token {"clientId":"PL-aYJynm85JiJ74AApj"}
2026-04-14T23:55:38.671Z [ERROR] [EventsGateway] Client connected without token {"clientId":"Km_OyExZR46o9FQIAApl"}
2026-04-14T23:55:38.685Z [ERROR] [EventsGateway] Client connected without token {"clientId":"LMjWrooFhHKiLhELAApn"}
2026-04-14T23:55:38.701Z [ERROR] [EventsGateway] Client connected without token {"clientId":"yxgSWhSHDx8YkudiAApp"}
2026-04-14T23:55:38.818Z [ERROR] [EventsGateway] Client connected without token {"clientId":"hTd1QuFnTsAkaSCPAApr"}
2026-04-14T23:55:38.860Z [ERROR] [EventsGateway] Client connected without token {"clientId":"c2nXAma_LWwhGsGeAApt"}
2026-04-14T23:55:38.897Z [ERROR] [EventsGateway] Client connected without token {"clientId":"JjlRpXbXJicz2AtTAApv"}
2026-04-14T23:55:38.909Z [ERROR] [EventsGateway] Client connected without token {"clientId":"3k2hshdhc6khYaHiAApx"}
2026-04-14T23:55:38.924Z [ERROR] [EventsGateway] Client connected without token {"clientId":"-6UnlSdMbDC4Lg6IAApz"}
2026-04-14T23:55:38.943Z [ERROR] [EventsGateway] Client connected without token {"clientId":"E7AwqbtRWGrCkjB_AAp1"}
2026-04-14T23:55:38.956Z [ERROR] [EventsGateway] Client connected without token {"clientId":"9-tWvHCxNida9tdKAAp3"}
2026-04-14T23:55:39.061Z [ERROR] [EventsGateway] Client connected without token {"clientId":"flYYqAF5U6uOREb_AAp5"}
2026-04-14T23:55:39.074Z [ERROR] [EventsGateway] Client connected without token {"clientId":"tuZdrqQGdPxaRd3bAAp7"}
2026-04-14T23:55:39.088Z [ERROR] [EventsGateway] Client connected without token {"clientId":"XEnVYV3JBelhqCxwAAp9"}
2026-04-14T23:55:39.104Z [ERROR] [EventsGateway] Client connected without token {"clientId":"9jGp65ACkPTHSGJPAAp_"}
2026-04-14T23:55:39.120Z [ERROR] [EventsGateway] Client connected without token {"clientId":"OCNu9GIubI8K4P67AAqB"}
2026-04-14T23:55:39.135Z [ERROR] [EventsGateway] Client connected without token {"clientId":"qzAwD_Fd5VnkZYxKAAqD"}
2026-04-14T23:55:39.156Z [ERROR] [EventsGateway] Client connected without token {"clientId":"8UIUDNJeCMccOIu6AAqF"}
2026-04-14T23:55:39.173Z [ERROR] [EventsGateway] Client connected without token {"clientId":"HaGrxEQcJuqYKUTMAAqH"}
2026-04-14T23:55:39.191Z [ERROR] [EventsGateway] Client connected without token {"clientId":"hyqS9tZt7xQUPoYDAAqJ"}
2026-04-14T23:55:39.206Z [ERROR] [EventsGateway] Client connected without token {"clientId":"G9CNZyE7TMOx4Dl3AAqL"}
2026-04-14T23:55:39.223Z [ERROR] [EventsGateway] Client connected without token {"clientId":"FIv8E_bESpwi9PkvAAqN"}
2026-04-14T23:55:39.240Z [ERROR] [EventsGateway] Client connected without token {"clientId":"L34Fo-FHguFzCM-nAAqP"}
2026-04-14T23:55:39.254Z [ERROR] [EventsGateway] Client connected without token {"clientId":"IvqxD7txX3QPVfPpAAqR"}
2026-04-14T23:55:39.270Z [ERROR] [EventsGateway] Client connected without token {"clientId":"zQcseZlS8DL5435JAAqT"}
2026-04-14T23:55:39.285Z [ERROR] [EventsGateway] Client connected without token {"clientId":"GPrhvofCPx_AWjR3AAqV"}
2026-04-14T23:55:39.301Z [ERROR] [EventsGateway] Client connected without token {"clientId":"dGmApZp3wLrydP79AAqX"}
2026-04-14T23:55:39.319Z [ERROR] [EventsGateway] Client connected without token {"clientId":"yNracZK-lcyss_nsAAqZ"}
2026-04-14T23:55:39.333Z [ERROR] [EventsGateway] Client connected without token {"clientId":"JW1XKmAaHu0BqPtYAAqb"}
2026-04-14T23:55:39.423Z [ERROR] [EventsGateway] Client connected without token {"clientId":"5Yrl7TEskjDG79HJAAqd"}
2026-04-14T23:55:39.463Z [ERROR] [EventsGateway] Client connected without token {"clientId":"Q3w6szSe7LWl6me6AAqf"}
2026-04-14T23:55:39.500Z [ERROR] [EventsGateway] Client connected without token {"clientId":"9O1-SGWXWnm3FKU2AAqh"}
2026-04-14T23:55:39.516Z [ERROR] [EventsGateway] Client connected without token {"clientId":"Crl2sZW2cJkIW26JAAqj"}
2026-04-14T23:55:39.531Z [ERROR] [EventsGateway] Client connected without token {"clientId":"pKN0J6-c1zW3GEdjAAql"}
2026-04-14T23:55:39.542Z [ERROR] [EventsGateway] Client connected without token {"clientId":"jc4kB-pGtAWnD2Y5AAqn"}
2026-04-14T23:55:39.560Z [ERROR] [EventsGateway] Client connected without token {"clientId":"SOduvfSdhim-wLImAAqp"}
2026-04-14T23:55:39.634Z [ERROR] [EventsGateway] Client connected without token {"clientId":"TcGNiP3vcFNkjvy1AAqr"}
2026-04-14T23:55:39.654Z [ERROR] [EventsGateway] Client connected without token {"clientId":"FSGCDpkkkTwjch5UAAqt"}
2026-04-14T23:55:39.671Z [ERROR] [EventsGateway] Client connected without token {"clientId":"yWZtYFIn5LwmmIgLAAqv"}
2026-04-14T23:55:39.690Z [ERROR] [EventsGateway] Client connected without token {"clientId":"QarAvl-u5qRPFYhmAAqx"}
2026-04-14T23:55:39.705Z [ERROR] [EventsGateway] Client connected without token {"clientId":"5AhfaRIOn8AXWih6AAqz"}
2026-04-14T23:55:39.724Z [ERROR] [EventsGateway] Client connected without token {"clientId":"InQAO5wB7uWjHmRuAAq1"}
2026-04-14T23:55:39.738Z [ERROR] [EventsGateway] Client connected without token {"clientId":"EaPuUNx9WTs3cpVxAAq3"}
2026-04-14T23:55:39.755Z [ERROR] [EventsGateway] Client connected without token {"clientId":"VLYL9sL-YZekhVNqAAq5"}
2026-04-14T23:55:39.770Z [ERROR] [EventsGateway] Client connected without token {"clientId":"9xM3svCVpHYzkeKLAAq7"}
2026-04-14T23:55:39.785Z [ERROR] [EventsGateway] Client connected without token {"clientId":"GIh1zFh6PwO6V4mUAAq9"}
2026-04-14T23:55:39.800Z [ERROR] [EventsGateway] Client connected without token {"clientId":"kvmGjyllW2YpGgAlAAq_"}
2026-04-14T23:55:39.819Z [ERROR] [EventsGateway] Client connected without token {"clientId":"zSzR2mR6MBIdVwuXAArB"}
2026-04-14T23:55:39.842Z [ERROR] [EventsGateway] Client connected without token {"clientId":"PUyW-5-dVy39AIBPAArD"}
2026-04-14T23:55:39.863Z [ERROR] [EventsGateway] Client connected without token {"clientId":"OPcifUUxwj02okHMAArF"}
2026-04-14T23:55:39.876Z [ERROR] [EventsGateway] Client connected without token {"clientId":"rgwT-_kCJ-Po3NdMAArH"}
2026-04-14T23:55:39.899Z [ERROR] [EventsGateway] Client connected without token {"clientId":"3BfIOJpSZmASInS9AArJ"}
2026-04-14T23:55:39.932Z [ERROR] [EventsGateway] Client connected without token {"clientId":"WhuZbh45xuFacugMAArL"}
2026-04-14T23:55:39.954Z [ERROR] [EventsGateway] Client connected without token {"clientId":"WeyfMhqb-DfPF5ItAArN"}
2026-04-14T23:55:39.994Z [ERROR] [EventsGateway] Client connected without token {"clientId":"TDGpZGINZlpbfuPUAArP"}
2026-04-14T23:55:40.035Z [ERROR] [EventsGateway] Client connected without token {"clientId":"9VLn0hfqOtOQ5UOQAArR"}
2026-04-14T23:55:40.062Z [ERROR] [EventsGateway] Client connected without token {"clientId":"CbRLdeS5j6lzM_h8AArT"}
2026-04-14T23:55:40.191Z [ERROR] [EventsGateway] Client connected without token {"clientId":"_TNwMM5Z3aXEj3YAAArV"}
2026-04-14T23:55:40.201Z [ERROR] [EventsGateway] Client connected without token {"clientId":"QOFjCscM-AHMGjN0AArX"}
2026-04-14T23:55:40.242Z [ERROR] [EventsGateway] Client connected without token {"clientId":"OaHnKfKuy0L-2QdTAArZ"}
2026-04-14T23:55:40.258Z [ERROR] [EventsGateway] Client connected without token {"clientId":"pGAuP0qheT3VdpiJAArb"}
2026-04-14T23:55:40.293Z [ERROR] [EventsGateway] Client connected without token {"clientId":"kSoNEpGffg430zvhAArd"}
2026-04-14T23:55:40.353Z [ERROR] [EventsGateway] Client connected without token {"clientId":"UpJAr4aNeWQNfzdcAArf"}
2026-04-14T23:55:40.405Z [ERROR] [EventsGateway] Client connected without token {"clientId":"rBjOy-XF5GAenu_aAArh"}
2026-04-14T23:55:40.439Z [ERROR] [EventsGateway] Client connected without token {"clientId":"Jqipp83U3zl47U2-AArj"}
2026-04-14T23:55:40.456Z [ERROR] [EventsGateway] Client connected without token {"clientId":"ONfbXct6zjlfg8qxAArl"}
2026-04-14T23:55:40.472Z [ERROR] [EventsGateway] Client connected without token {"clientId":"2uJUDZTn_ZVJUrw2AArn"}
2026-04-14T23:55:40.491Z [ERROR] [EventsGateway] Client connected without token {"clientId":"Z1JrFA2tWoVr9E4LAArp"}
2026-04-14T23:55:40.507Z [ERROR] [EventsGateway] Client connected without token {"clientId":"3uOg52fh9FQjiLZzAArr"}
2026-04-14T23:55:40.523Z [ERROR] [EventsGateway] Client connected without token {"clientId":"dHPsBzxyk4fmNwxUAArt"}
2026-04-14T23:55:40.539Z [ERROR] [EventsGateway] Client connected without token {"clientId":"jIsQS3eXFZDRm5DEAArv"}
2026-04-14T23:55:40.558Z [ERROR] [EventsGateway] Client connected without token {"clientId":"TYx7M-rX6thIxGZFAArx"}
2026-04-14T23:55:40.571Z [ERROR] [EventsGateway] Client connected without token {"clientId":"iUiQ3reJDWEbbUddAArz"}
2026-04-14T23:55:40.587Z [ERROR] [EventsGateway] Client connected without token {"clientId":"t1ZFKDPOml-W5GBrAAr1"}
2026-04-14T23:55:40.603Z [ERROR] [EventsGateway] Client connected without token {"clientId":"_U6f37ypsTT6IGbgAAr3"}
2026-04-14T23:55:40.620Z [ERROR] [EventsGateway] Client connected without token {"clientId":"qX-nlhtOrVJv2l4SAAr5"}
2026-04-14T23:55:40.634Z [ERROR] [EventsGateway] Client connected without token {"clientId":"C0GAu7xMugtFv8lgAAr7"}
2026-04-14T23:55:40.654Z [ERROR] [EventsGateway] Client connected without token {"clientId":"pVnBhOFma9tuZnsvAAr9"}
2026-04-14T23:55:40.673Z [ERROR] [EventsGateway] Client connected without token {"clientId":"muKC4009AtSvRq8bAAr_"}
2026-04-14T23:55:40.689Z [ERROR] [EventsGateway] Client connected without token {"clientId":"IOSBk4X0RjLMmKw5AAsB"}
2026-04-14T23:55:40.704Z [ERROR] [EventsGateway] Client connected without token {"clientId":"MXvQc8uJbcLHOT4wAAsD"}
2026-04-14T23:55:40.718Z [ERROR] [EventsGateway] Client connected without token {"clientId":"n58RrVVq2iDMAfkCAAsF"}
2026-04-14T23:55:40.816Z [ERROR] [EventsGateway] Client connected without token {"clientId":"cV5ZJsS7ZbyuTw-GAAsH"}
2026-04-14T23:55:40.895Z [ERROR] [EventsGateway] Client connected without token {"clientId":"TpTHw6y_i_djyuA7AAsJ"}
2026-04-14T23:55:40.935Z [ERROR] [EventsGateway] Client connected without token {"clientId":"Lj_8Fj942bqjfII_AAsL"}
2026-04-14T23:55:40.953Z [ERROR] [EventsGateway] Client connected without token {"clientId":"4vIAtCu_gdXbE6qPAAsN"}
2026-04-14T23:55:40.968Z [ERROR] [EventsGateway] Client connected without token {"clientId":"CcP6GyfHme67m45NAAsP"}
2026-04-14T23:55:40.991Z [ERROR] [EventsGateway] Client connected without token {"clientId":"enYaGlXZbRiswPxuAAsR"}
2026-04-14T23:55:41.014Z [ERROR] [EventsGateway] Client connected without token {"clientId":"wC8ud5hOvFUw1fPEAAsT"}
2026-04-14T23:55:41.039Z [ERROR] [EventsGateway] Client connected without token {"clientId":"g6xril7MEVCJNvVlAAsV"}
2026-04-14T23:55:41.064Z [ERROR] [EventsGateway] Client connected without token {"clientId":"5RxeVqHHc54Qu7voAAsX"}
2026-04-14T23:55:41.091Z [ERROR] [EventsGateway] Client connected without token {"clientId":"YHEK6XtPa4J3-ef6AAsZ"}
2026-04-14T23:55:41.114Z [ERROR] [EventsGateway] Client connected without token {"clientId":"3FnYigGyA0nMtYDlAAsb"}
2026-04-14T23:55:41.137Z [ERROR] [EventsGateway] Client connected without token {"clientId":"YbtMIw7uwzHgDYW7AAsd"}
2026-04-14T23:55:41.157Z [ERROR] [EventsGateway] Client connected without token {"clientId":"sXiD9jrKpb8s5HpzAAsf"}
2026-04-14T23:55:41.181Z [ERROR] [EventsGateway] Client connected without token {"clientId":"lixU6CFkJnBqMk1WAAsh"}
2026-04-14T23:55:41.195Z [ERROR] [EventsGateway] Client connected without token {"clientId":"2JCk6Fc7-bxk6MlZAAsj"}
2026-04-14T23:55:41.231Z [ERROR] [EventsGateway] Client connected without token {"clientId":"mi932pFA68DqF23SAAsl"}
2026-04-14T23:55:41.248Z [ERROR] [EventsGateway] Client connected without token {"clientId":"_GT5ntC3urRxvL7SAAsn"}
2026-04-14T23:55:41.265Z [ERROR] [EventsGateway] Client connected without token {"clientId":"-DGvPn5crnCdCmHvAAsp"}
2026-04-14T23:55:41.283Z [ERROR] [EventsGateway] Client connected without token {"clientId":"26ObvUAZ_sct7EWfAAsr"}
2026-04-14T23:55:41.297Z [ERROR] [EventsGateway] Client connected without token {"clientId":"P_WdqXaHx4UCFhV8AAst"}
2026-04-14T23:55:41.316Z [ERROR] [EventsGateway] Client connected without token {"clientId":"Bhpiyl6GisH16xquAAsv"}
2026-04-14T23:55:41.339Z [ERROR] [EventsGateway] Client connected without token {"clientId":"zoEFzq1K0CdPVw42AAsx"}
2026-04-14T23:55:41.352Z [ERROR] [EventsGateway] Client connected without token {"clientId":"4aXoEu0E_YR7UDIPAAsz"}
2026-04-14T23:55:41.367Z [ERROR] [EventsGateway] Client connected without token {"clientId":"LRAd4Ed4mWmQxVp-AAs1"}
2026-04-14T23:55:41.389Z [ERROR] [EventsGateway] Client connected without token {"clientId":"hGJvD5y0ZQ0UE5yaAAs3"}
2026-04-14T23:55:41.405Z [ERROR] [EventsGateway] Client connected without token {"clientId":"WGzfNZ7tvXIXUiP4AAs5"}
2026-04-14T23:55:41.424Z [ERROR] [EventsGateway] Client connected without token {"clientId":"2qH2JwFanYYqZRE6AAs7"}
2026-04-14T23:55:41.439Z [ERROR] [EventsGateway] Client connected without token {"clientId":"8rXmKAUaiA1IhF9CAAs9"}
2026-04-14T23:55:41.454Z [ERROR] [EventsGateway] Client connected without token {"clientId":"InQzzrv7Hgz8Hqh4AAs_"}
2026-04-14T23:55:41.471Z [ERROR] [EventsGateway] Client connected without token {"clientId":"hSlhj8-w1KCV96q-AAtB"}
2026-04-14T23:55:41.486Z [ERROR] [EventsGateway] Client connected without token {"clientId":"1s0_44kOmbhuFHNiAAtD"}
2026-04-14T23:55:41.501Z [ERROR] [EventsGateway] Client connected without token {"clientId":"AgpejsGQlWoywA_iAAtF"}
2026-04-14T23:55:41.515Z [ERROR] [EventsGateway] Client connected without token {"clientId":"gndbxBrz6wbv5XVjAAtH"}
2026-04-14T23:55:41.529Z [ERROR] [EventsGateway] Client connected without token {"clientId":"D0NvpjDIGterYZvVAAtJ"}
2026-04-14T23:55:41.674Z [ERROR] [EventsGateway] Client connected without token {"clientId":"WaY-A2wx4NF_m60tAAtL"}
2026-04-14T23:55:41.693Z [ERROR] [EventsGateway] Client connected without token {"clientId":"gsWrEibu6moxhLkvAAtN"}
2026-04-14T23:55:41.723Z [ERROR] [EventsGateway] Client connected without token {"clientId":"WY_mITqpnjwnhfuGAAtP"}
2026-04-14T23:55:41.738Z [ERROR] [EventsGateway] Client connected without token {"clientId":"1xXHXPbaWXjeUvy8AAtR"}
2026-04-14T23:55:41.753Z [ERROR] [EventsGateway] Client connected without token {"clientId":"H50PnPn1MV_eFCoQAAtT"}
2026-04-14T23:55:41.767Z [ERROR] [EventsGateway] Client connected without token {"clientId":"TqOobdtGGZUGRatIAAtV"}
2026-04-14T23:55:41.782Z [ERROR] [EventsGateway] Client connected without token {"clientId":"3PaDtClTy9f_BdWWAAtX"}
2026-04-14T23:55:41.799Z [ERROR] [EventsGateway] Client connected without token {"clientId":"bbLpbt80kGn_g0vMAAtZ"}
2026-04-14T23:55:41.813Z [ERROR] [EventsGateway] Client connected without token {"clientId":"-W1hebVchzQtSuQvAAtb"}
2026-04-14T23:55:41.834Z [ERROR] [EventsGateway] Client connected without token {"clientId":"NMNjgUH13pqPQLuWAAtd"}
2026-04-14T23:55:41.857Z [ERROR] [EventsGateway] Client connected without token {"clientId":"T0g_yqZ3ra0zfxNVAAtf"}
2026-04-14T23:55:41.870Z [ERROR] [EventsGateway] Client connected without token {"clientId":"0l20D42zcpiT8LkaAAth"}
2026-04-14T23:55:41.889Z [ERROR] [EventsGateway] Client connected without token {"clientId":"I03Ky3kgmNAF0SRwAAtj"}
2026-04-14T23:55:41.908Z [ERROR] [EventsGateway] Client connected without token {"clientId":"hRTFwyTEE3F-hDQCAAtl"}
2026-04-14T23:55:41.921Z [ERROR] [EventsGateway] Client connected without token {"clientId":"Kn5mTv1CCcqPDvdYAAtn"}
2026-04-14T23:55:41.940Z [ERROR] [EventsGateway] Client connected without token {"clientId":"V5pHrCmK_0Gz7nXTAAtp"}
2026-04-14T23:55:41.964Z [ERROR] [EventsGateway] Client connected without token {"clientId":"AcMyh0Zo2NELoACiAAtr"}
2026-04-14T23:55:41.986Z [ERROR] [EventsGateway] Client connected without token {"clientId":"hhoX2AetR90TbjgnAAtt"}
2026-04-14T23:55:42.011Z [ERROR] [EventsGateway] Client connected without token {"clientId":"jn4fHdwi2mZTpJScAAtv"}
2026-04-14T23:55:42.025Z [ERROR] [EventsGateway] Client connected without token {"clientId":"rYcW5Yc_RJA-gHXEAAtx"}
2026-04-14T23:55:42.043Z [ERROR] [EventsGateway] Client connected without token {"clientId":"S_iAUl930NtULCQTAAtz"}
2026-04-14T23:55:42.058Z [ERROR] [EventsGateway] Client connected without token {"clientId":"THl6Oax7bI1IxUShAAt1"}
2026-04-14T23:55:42.071Z [ERROR] [EventsGateway] Client connected without token {"clientId":"ZTdTD7xnkuoxnCtbAAt3"}
2026-04-14T23:55:42.135Z [ERROR] [EventsGateway] Client connected without token {"clientId":"-CDtqDRrQ5Utn8ePAAt5"}
2026-04-14T23:55:42.200Z [ERROR] [EventsGateway] Client connected without token {"clientId":"r49ufL349d-MSSPcAAt7"}
2026-04-14T23:55:42.282Z [ERROR] [EventsGateway] Client connected without token {"clientId":"6R_69tbeFOrOQYeUAAt9"}
2026-04-14T23:55:42.304Z [ERROR] [EventsGateway] Client connected without token {"clientId":"9XHgL4lE7IqRNAidAAt_"}
2026-04-14T23:55:42.336Z [ERROR] [EventsGateway] Client connected without token {"clientId":"0XNVIENE-wVlYo_cAAuB"}
2026-04-14T23:55:42.364Z [ERROR] [EventsGateway] Client connected without token {"clientId":"iD1ntMT7C7IbqPEqAAuD"}
2026-04-14T23:55:42.381Z [ERROR] [EventsGateway] Client connected without token {"clientId":"XDroEHxvdzIOC0N9AAuF"}
2026-04-14T23:55:42.393Z [ERROR] [EventsGateway] Client connected without token {"clientId":"hU4o5t-c3HaFRROWAAuH"}
2026-04-14T23:55:42.428Z [ERROR] [EventsGateway] Client connected without token {"clientId":"OkpvKPdi38YoDgYoAAuJ"}
2026-04-14T23:55:42.459Z [ERROR] [EventsGateway] Client connected without token {"clientId":"7rcNxd4aI7D8yQMJAAuL"}
2026-04-14T23:55:42.495Z [ERROR] [EventsGateway] Client connected without token {"clientId":"b1ZR1DbUiQ2I8sxqAAuN"}
2026-04-14T23:55:42.519Z [ERROR] [EventsGateway] Client connected without token {"clientId":"-10srteAzg4VBclzAAuP"}
2026-04-14T23:55:42.547Z [ERROR] [EventsGateway] Client connected without token {"clientId":"Z8IL0JVJR32A7C00AAuR"}
2026-04-14T23:55:42.584Z [ERROR] [EventsGateway] Client connected without token {"clientId":"4FB9e0h971Z-Dzv9AAuT"}
2026-04-14T23:55:42.600Z [ERROR] [EventsGateway] Client connected without token {"clientId":"dk3PuphcHB1qRnHNAAuV"}
2026-04-14T23:55:42.622Z [ERROR] [EventsGateway] Client connected without token {"clientId":"gRSqTzA1fA1zT8EvAAuX"}
2026-04-14T23:55:42.637Z [ERROR] [EventsGateway] Client connected without token {"clientId":"jHOc1aSXeFXiwO9lAAuZ"}
2026-04-14T23:55:42.652Z [ERROR] [EventsGateway] Client connected without token {"clientId":"e2a_psn8eCR8pbtkAAub"}
2026-04-14T23:55:42.674Z [ERROR] [EventsGateway] Client connected without token {"clientId":"rEuwxOyiZNLWt05tAAud"}
2026-04-14T23:55:42.721Z [ERROR] [EventsGateway] Client connected without token {"clientId":"jKSsLZR30J_r_1wVAAuf"}
2026-04-14T23:55:42.738Z [ERROR] [EventsGateway] Client connected without token {"clientId":"92U8KrBozSSZRmclAAuh"}
2026-04-14T23:55:42.765Z [ERROR] [EventsGateway] Client connected without token {"clientId":"Qta8Ak1RTrPUD9h9AAuj"}
2026-04-14T23:55:42.800Z [ERROR] [EventsGateway] Client connected without token {"clientId":"iy6h91yCnlnx7nWFAAul"}
2026-04-14T23:55:42.819Z [ERROR] [EventsGateway] Client connected without token {"clientId":"lWnnBgjmh0vvZyr6AAun"}
2026-04-14T23:55:42.835Z [ERROR] [EventsGateway] Client connected without token {"clientId":"ittPGphgxe94R3s1AAup"}
2026-04-14T23:55:42.857Z [ERROR] [EventsGateway] Client connected without token {"clientId":"tM4hiz8xPjBpYkOMAAur"}
2026-04-14T23:55:42.876Z [ERROR] [EventsGateway] Client connected without token {"clientId":"E8aYMaBNBOIED2c4AAut"}
2026-04-14T23:55:42.895Z [ERROR] [EventsGateway] Client connected without token {"clientId":"NnEPGYa1xfYPlIhHAAuv"}
2026-04-14T23:55:43.090Z [ERROR] [EventsGateway] Client connected without token {"clientId":"Kh8eJfMmlD5EeFuhAAux"}
2026-04-14T23:55:43.329Z [ERROR] [EventsGateway] Client connected without token {"clientId":"1lRu8aPiYsatl80QAAuz"}
2026-04-14T23:55:43.412Z [ERROR] [EventsGateway] Client connected without token {"clientId":"amrt_i1z8A_0q4CrAAu1"}
2026-04-14T23:55:43.465Z [ERROR] [EventsGateway] Client connected without token {"clientId":"3m6Ha-C4FcYQYNDaAAu3"}
2026-04-14T23:55:43.496Z [ERROR] [EventsGateway] Client connected without token {"clientId":"Y_Pqib8oCP1_smpqAAu5"}
2026-04-14T23:55:43.530Z [ERROR] [EventsGateway] Client connected without token {"clientId":"Kx-ZHp4Ev4j05CAkAAu7"}
2026-04-14T23:55:43.590Z [ERROR] [EventsGateway] Client connected without token {"clientId":"Ew2QuGEaR9hSxxm4AAu9"}
2026-04-14T23:55:43.635Z [ERROR] [EventsGateway] Client connected without token {"clientId":"PZYza76Eg9tzLpqHAAu_"}
2026-04-14T23:55:43.669Z [ERROR] [EventsGateway] Client connected without token {"clientId":"TwUj7isoAWqx-nWVAAvB"}
2026-04-14T23:55:43.691Z [ERROR] [EventsGateway] Client connected without token {"clientId":"FFwkVe7FBytycJohAAvD"}
2026-04-14T23:55:43.724Z [ERROR] [EventsGateway] Client connected without token {"clientId":"BDYfjIP0eEmL-lv3AAvF"}
2026-04-14T23:55:43.782Z [ERROR] [EventsGateway] Client connected without token {"clientId":"s_xrGeolIdkH1CkQAAvH"}
2026-04-14T23:55:44.024Z [ERROR] [EventsGateway] Client connected without token {"clientId":"etG_JE7FQnGMBKevAAvJ"}
2026-04-14T23:55:44.163Z [ERROR] [EventsGateway] Client connected without token {"clientId":"jrUCQpptUwFvNYsoAAvL"}
2026-04-14T23:55:44.209Z [ERROR] [EventsGateway] Client connected without token {"clientId":"IIfF3U2x3kixs6QFAAvN"}
2026-04-14T23:55:44.271Z [ERROR] [EventsGateway] Client connected without token {"clientId":"1C6p3ZVDgFBLrkqIAAvP"}
2026-04-14T23:55:44.309Z [ERROR] [EventsGateway] Client connected without token {"clientId":"Ta3rMTCHR65-lJeIAAvR"}
2026-04-14T23:55:44.350Z [ERROR] [EventsGateway] Client connected without token {"clientId":"1neCG0VmWUZY_u-GAAvT"}
2026-04-14T23:55:44.373Z [ERROR] [EventsGateway] Client connected without token {"clientId":"FzJR_z7F507-KoIZAAvV"}
2026-04-14T23:55:44.391Z [ERROR] [EventsGateway] Client connected without token {"clientId":"p6NgiY9OGWDdJeI7AAvX"}
2026-04-14T23:55:44.406Z [ERROR] [EventsGateway] Client connected without token {"clientId":"rUKld5szV7Mn_h3wAAvZ"}
2026-04-14T23:55:44.424Z [ERROR] [EventsGateway] Client connected without token {"clientId":"jD6D6fuhkHZMCX2lAAvb"}
2026-04-14T23:55:44.438Z [ERROR] [EventsGateway] Client connected without token {"clientId":"1BYt_kdELhZvXHaCAAvd"}
2026-04-14T23:55:44.455Z [ERROR] [EventsGateway] Client connected without token {"clientId":"jwD2G37jwUT3WZdDAAvf"}
2026-04-14T23:55:44.472Z [ERROR] [EventsGateway] Client connected without token {"clientId":"4dv_1KeQazB5i0hzAAvh"}
2026-04-14T23:55:44.508Z [ERROR] [EventsGateway] Client connected without token {"clientId":"s1O3NEl_KRWFNpATAAvj"}
2026-04-14T23:55:44.524Z [ERROR] [EventsGateway] Client connected without token {"clientId":"0Zbj7yYI18BItbMeAAvl"}
2026-04-14T23:55:44.543Z [ERROR] [EventsGateway] Client connected without token {"clientId":"LaRX1smoCEFfeFi4AAvn"}
2026-04-14T23:55:44.559Z [ERROR] [EventsGateway] Client connected without token {"clientId":"Fyzlwwcz5j0WN7I3AAvp"}
2026-04-14T23:55:44.798Z [ERROR] [EventsGateway] Client connected without token {"clientId":"06dAUzhWb7i8qH82AAvr"}
2026-04-14T23:55:44.827Z [ERROR] [EventsGateway] Client connected without token {"clientId":"sZ0jEwqa2D5a6E8TAAvt"}
2026-04-14T23:55:44.883Z [ERROR] [EventsGateway] Client connected without token {"clientId":"cHfhsiv7_2bHq7J_AAvv"}
2026-04-14T23:55:44.904Z [ERROR] [EventsGateway] Client connected without token {"clientId":"ompCowZCw_6GjuPIAAvx"}
2026-04-14T23:55:44.926Z [ERROR] [EventsGateway] Client connected without token {"clientId":"x40s_LKcVNUeykxtAAvz"}
2026-04-14T23:55:44.938Z [ERROR] [EventsGateway] Client connected without token {"clientId":"l1O8VvZOrtLXhCR0AAv1"}
2026-04-14T23:55:44.973Z [ERROR] [EventsGateway] Client connected without token {"clientId":"werLnL9HuZ4chLugAAv3"}
2026-04-14T23:55:45.004Z [ERROR] [EventsGateway] Client connected without token {"clientId":"TEIeJ5GAEpYDYXC1AAv5"}
2026-04-14T23:55:45.025Z [ERROR] [EventsGateway] Client connected without token {"clientId":"8WikjSQOQ_zL1w1FAAv7"}
2026-04-14T23:55:45.041Z [ERROR] [EventsGateway] Client connected without token {"clientId":"27oPlgne4f5PzQ7nAAv9"}
2026-04-14T23:55:45.060Z [ERROR] [EventsGateway] Client connected without token {"clientId":"1PVjw37tDoRBFQ9TAAv_"}
2026-04-14T23:55:45.082Z [ERROR] [EventsGateway] Client connected without token {"clientId":"89dQ25VvFKQSMdC7AAwB"}
2026-04-14T23:55:45.098Z [ERROR] [EventsGateway] Client connected without token {"clientId":"G8hrUK4yMgu8VqD4AAwD"}
2026-04-14T23:55:45.112Z [ERROR] [EventsGateway] Client connected without token {"clientId":"f4arvz0g9dneFHJQAAwF"}
2026-04-14T23:55:45.137Z [ERROR] [EventsGateway] Client connected without token {"clientId":"7ReMtOE62TPB0lYQAAwH"}
2026-04-14T23:55:45.156Z [ERROR] [EventsGateway] Client connected without token {"clientId":"3o2g4fYKtmIPC1A9AAwJ"}
2026-04-14T23:55:45.172Z [ERROR] [EventsGateway] Client connected without token {"clientId":"gu9EbNneSS5ECtR-AAwL"}
2026-04-14T23:55:45.192Z [ERROR] [EventsGateway] Client connected without token {"clientId":"AzuV90pPMm1mtaRAAAwN"}
2026-04-14T23:55:45.209Z [ERROR] [EventsGateway] Client connected without token {"clientId":"nO3kOchKhma2c0goAAwP"}
2026-04-14T23:55:45.224Z [ERROR] [EventsGateway] Client connected without token {"clientId":"KmphH1iNay67J8VeAAwR"}
2026-04-14T23:55:45.248Z [ERROR] [EventsGateway] Client connected without token {"clientId":"DHhMBb6b8zv2y0vvAAwT"}
2026-04-14T23:55:45.266Z [ERROR] [EventsGateway] Client connected without token {"clientId":"3M3nSq55ICm_9bd7AAwV"}
2026-04-14T23:55:45.282Z [ERROR] [EventsGateway] Client connected without token {"clientId":"ky1w4HlBX94HYupoAAwX"}
2026-04-14T23:55:45.305Z [ERROR] [EventsGateway] Client connected without token {"clientId":"V5a_ehDV4w1OgqMWAAwZ"}
2026-04-14T23:55:45.323Z [ERROR] [EventsGateway] Client connected without token {"clientId":"FbUA-wGA5ip9viNdAAwb"}
2026-04-14T23:55:45.350Z [ERROR] [EventsGateway] Client connected without token {"clientId":"0H5SoyzjveBt2yoiAAwd"}
2026-04-14T23:55:45.360Z [ERROR] [EventsGateway] Client connected without token {"clientId":"oyehWGnIeMD9wOA6AAwf"}
2026-04-14T23:55:45.374Z [ERROR] [EventsGateway] Client connected without token {"clientId":"cm4SShtPy5KIQx4uAAwh"}
2026-04-14T23:55:45.390Z [ERROR] [EventsGateway] Client connected without token {"clientId":"bZEjomEz-9uDpJNZAAwj"}
2026-04-14T23:55:45.408Z [ERROR] [EventsGateway] Client connected without token {"clientId":"DYyEwlF4YvP-actOAAwl"}
2026-04-14T23:55:45.470Z [ERROR] [EventsGateway] Client connected without token {"clientId":"kGd5Ay41cjNsJzSzAAwn"}
2026-04-14T23:55:45.562Z [ERROR] [EventsGateway] Client connected without token {"clientId":"x53wJULW3HJJp2n5AAwp"}
2026-04-14T23:55:45.614Z [ERROR] [EventsGateway] Client connected without token {"clientId":"sTMwxXisjjjxPGkBAAwr"}
2026-04-14T23:55:45.628Z [ERROR] [EventsGateway] Client connected without token {"clientId":"RWIzcDlR3t1SDkgjAAwt"}
2026-04-14T23:55:45.642Z [ERROR] [EventsGateway] Client connected without token {"clientId":"EDASFBIYcWoeEHrgAAwv"}
2026-04-14T23:55:45.658Z [ERROR] [EventsGateway] Client connected without token {"clientId":"buGP4Q0MgMftwHaWAAwx"}
2026-04-14T23:55:45.679Z [ERROR] [EventsGateway] Client connected without token {"clientId":"fa5JYaacxn28-vl-AAwz"}
2026-04-14T23:55:45.692Z [ERROR] [EventsGateway] Client connected without token {"clientId":"XM0ckQRGSOrRhXnTAAw1"}
2026-04-14T23:55:45.710Z [ERROR] [EventsGateway] Client connected without token {"clientId":"BdZTOGPM-4A8ajdvAAw3"}
2026-04-14T23:55:45.727Z [ERROR] [EventsGateway] Client connected without token {"clientId":"Fg2Et4XFam_bPRA9AAw5"}
2026-04-14T23:55:45.750Z [ERROR] [EventsGateway] Client connected without token {"clientId":"WqYcfGaoh8ga23o4AAw7"}
2026-04-14T23:55:45.785Z [ERROR] [EventsGateway] Client connected without token {"clientId":"4wWW8SgU1excBnxVAAw9"}
2026-04-14T23:55:45.810Z [ERROR] [EventsGateway] Client connected without token {"clientId":"8ugXq8x_75iSm8foAAw_"}
2026-04-14T23:55:45.847Z [ERROR] [EventsGateway] Client connected without token {"clientId":"7RTE-KW4sstQ7qMJAAxB"}
2026-04-14T23:55:45.891Z [ERROR] [EventsGateway] Client connected without token {"clientId":"dxOUdDokipM_SPwxAAxD"}
2026-04-14T23:55:45.906Z [ERROR] [EventsGateway] Client connected without token {"clientId":"c4_0gjGusCNYmVBKAAxF"}
2026-04-14T23:55:45.923Z [ERROR] [EventsGateway] Client connected without token {"clientId":"kSe48mWXwNqnhAarAAxH"}
2026-04-14T23:55:45.959Z [ERROR] [EventsGateway] Client connected without token {"clientId":"ruUZ-eO1swD7VbM8AAxJ"}
2026-04-14T23:55:45.980Z [ERROR] [EventsGateway] Client connected without token {"clientId":"7cvxOwS27DD9OlDuAAxL"}
2026-04-14T23:55:46.017Z [ERROR] [EventsGateway] Client connected without token {"clientId":"9-chwbwrj2wcFD5FAAxN"}
2026-04-14T23:55:46.063Z [ERROR] [EventsGateway] Client connected without token {"clientId":"RljYaJKB9sb2g0l7AAxP"}
2026-04-14T23:55:46.079Z [ERROR] [EventsGateway] Client connected without token {"clientId":"KkuO8W_SS0qkWtDiAAxR"}
2026-04-14T23:55:46.096Z [ERROR] [EventsGateway] Client connected without token {"clientId":"MfzESriSejyd-XkdAAxT"}
2026-04-14T23:55:46.110Z [ERROR] [EventsGateway] Client connected without token {"clientId":"lpy9CXjSE3qHIU27AAxV"}
2026-04-14T23:55:46.129Z [ERROR] [EventsGateway] Client connected without token {"clientId":"xvVanWqWpISt4fQYAAxX"}
2026-04-14T23:55:46.142Z [ERROR] [EventsGateway] Client connected without token {"clientId":"Iay1GnQspOE1c8aSAAxZ"}
2026-04-14T23:55:46.156Z [ERROR] [EventsGateway] Client connected without token {"clientId":"Xh7zMRDltMyCJaPNAAxb"}
2026-04-14T23:55:46.174Z [ERROR] [EventsGateway] Client connected without token {"clientId":"NTkZRt9YbaqqPw2WAAxd"}
2026-04-14T23:55:46.197Z [ERROR] [EventsGateway] Client connected without token {"clientId":"RQ9nTGNVLYiNqaArAAxf"}
2026-04-14T23:55:46.209Z [ERROR] [EventsGateway] Client connected without token {"clientId":"4BbUw-olmtr9fCgWAAxh"}
2026-04-14T23:55:46.226Z [ERROR] [EventsGateway] Client connected without token {"clientId":"5XUDaTzvEVvgzV8hAAxj"}
2026-04-14T23:55:46.241Z [ERROR] [EventsGateway] Client connected without token {"clientId":"qpmA4lUswGNhRCa9AAxl"}
2026-04-14T23:55:46.388Z [ERROR] [EventsGateway] Client connected without token {"clientId":"q7WMJ-L8XL3Tc42RAAxn"}
2026-04-14T23:55:46.398Z [ERROR] [EventsGateway] Client connected without token {"clientId":"5h2FOagfM_CbK-s1AAxp"}
2026-04-14T23:55:46.432Z [ERROR] [EventsGateway] Client connected without token {"clientId":"FraPsjjQLJ9txQ-jAAxr"}
2026-04-14T23:55:46.445Z [ERROR] [EventsGateway] Client connected without token {"clientId":"68a5cemvM4T2lm8hAAxt"}
2026-04-14T23:55:46.458Z [ERROR] [EventsGateway] Client connected without token {"clientId":"kb6ND2YZmIgFK5PgAAxv"}
2026-04-14T23:55:46.473Z [ERROR] [EventsGateway] Client connected without token {"clientId":"W6OyZWDHXyW699y2AAxx"}
2026-04-14T23:55:46.490Z [ERROR] [EventsGateway] Client connected without token {"clientId":"RmCkGU0kX-jbvQYNAAxz"}
2026-04-14T23:55:46.506Z [ERROR] [EventsGateway] Client connected without token {"clientId":"zZKPLlE4AwoyoJxeAAx1"}
2026-04-14T23:55:46.523Z [ERROR] [EventsGateway] Client connected without token {"clientId":"lgX3zZUDcR3p4q1GAAx3"}
2026-04-14T23:55:46.534Z [ERROR] [EventsGateway] Client connected without token {"clientId":"CtgeoqeU2hguBRd5AAx5"}
2026-04-14T23:55:46.553Z [ERROR] [EventsGateway] Client connected without token {"clientId":"P4JAEiFtbFA_TtyzAAx7"}
2026-04-14T23:55:46.569Z [ERROR] [EventsGateway] Client connected without token {"clientId":"aVuUgd4y5MESMakRAAx9"}
2026-04-14T23:55:46.581Z [ERROR] [EventsGateway] Client connected without token {"clientId":"884uUXUEMSy51K6_AAx_"}
2026-04-14T23:55:46.596Z [ERROR] [EventsGateway] Client connected without token {"clientId":"hqSy_JVMafeOe0i4AAyB"}
2026-04-14T23:55:46.615Z [ERROR] [EventsGateway] Client connected without token {"clientId":"pn3LtFyBByZ5sxmEAAyD"}
2026-04-14T23:55:46.640Z [ERROR] [EventsGateway] Client connected without token {"clientId":"8i_SMGuo4bUnjXpuAAyF"}
2026-04-14T23:55:46.656Z [ERROR] [EventsGateway] Client connected without token {"clientId":"4B8rzS_2JCxbXbQXAAyH"}
2026-04-14T23:55:46.671Z [ERROR] [EventsGateway] Client connected without token {"clientId":"OBDazFkIZ4x5vcW8AAyJ"}
2026-04-14T23:55:46.688Z [ERROR] [EventsGateway] Client connected without token {"clientId":"8AwFa17VgbRStGACAAyL"}
2026-04-14T23:55:46.707Z [ERROR] [EventsGateway] Client connected without token {"clientId":"9XE3nQSSJuqcQZM7AAyN"}
2026-04-14T23:55:46.727Z [ERROR] [EventsGateway] Client connected without token {"clientId":"ZK8E1K_Hmx88dNlBAAyP"}
2026-04-14T23:55:46.743Z [ERROR] [EventsGateway] Client connected without token {"clientId":"iCJ5r7hsThGUCW-RAAyR"}
2026-04-14T23:55:46.759Z [ERROR] [EventsGateway] Client connected without token {"clientId":"UFzopd8Y7ZMM3CIcAAyT"}
2026-04-14T23:55:46.779Z [ERROR] [EventsGateway] Client connected without token {"clientId":"iu1oPMEGKL9oGr5YAAyV"}
2026-04-14T23:55:46.793Z [ERROR] [EventsGateway] Client connected without token {"clientId":"rUm8vM2j0JNlHWFPAAyX"}
2026-04-14T23:55:46.808Z [ERROR] [EventsGateway] Client connected without token {"clientId":"8ecgYTPo5Q4VzFnbAAyZ"}
2026-04-14T23:55:46.822Z [ERROR] [EventsGateway] Client connected without token {"clientId":"6Q-x-qbQ6GakBgbHAAyb"}
2026-04-14T23:55:46.842Z [ERROR] [EventsGateway] Client connected without token {"clientId":"0Pg4EV7eteqoQsDYAAyd"}
2026-04-14T23:55:46.861Z [ERROR] [EventsGateway] Client connected without token {"clientId":"hLQols1_EiU0dsnyAAyf"}
2026-04-14T23:55:46.872Z [ERROR] [EventsGateway] Client connected without token {"clientId":"inpogK0nYCr7Ep_4AAyh"}
2026-04-14T23:55:46.889Z [ERROR] [EventsGateway] Client connected without token {"clientId":"w4MQ4mZyXJ1T0z3aAAyj"}
2026-04-14T23:55:46.905Z [ERROR] [EventsGateway] Client connected without token {"clientId":"ueObrpC1MsGuMqdGAAyl"}
2026-04-14T23:55:46.920Z [ERROR] [EventsGateway] Client connected without token {"clientId":"7Iyj7C3cReFYgKZaAAyn"}
2026-04-14T23:55:46.942Z [ERROR] [EventsGateway] Client connected without token {"clientId":"IcBHeKEmPrXWkCmWAAyp"}
2026-04-14T23:55:46.955Z [ERROR] [EventsGateway] Client connected without token {"clientId":"grD3rst9rMODOSArAAyr"}
2026-04-14T23:55:46.971Z [ERROR] [EventsGateway] Client connected without token {"clientId":"CJ5UNuThD67BTVb3AAyt"}
2026-04-14T23:55:46.987Z [ERROR] [EventsGateway] Client connected without token {"clientId":"_vPwNOBG52oQV-RyAAyv"}
2026-04-14T23:55:47.002Z [ERROR] [EventsGateway] Client connected without token {"clientId":"dLAyPzvO0g9WQipiAAyx"}
2026-04-14T23:55:47.020Z [ERROR] [EventsGateway] Client connected without token {"clientId":"qXRKns70TT7xha19AAyz"}
2026-04-14T23:55:47.035Z [ERROR] [EventsGateway] Client connected without token {"clientId":"pkyYb8xjjTwzAbLDAAy1"}
2026-04-14T23:55:47.054Z [ERROR] [EventsGateway] Client connected without token {"clientId":"7Hhf--kkGWZwFMcSAAy3"}
2026-04-14T23:55:47.071Z [ERROR] [EventsGateway] Client connected without token {"clientId":"koKd7Ej4n9ZQPwvZAAy5"}
2026-04-14T23:55:47.085Z [ERROR] [EventsGateway] Client connected without token {"clientId":"AQqcm3v8clXK9dNxAAy7"}
2026-04-14T23:55:47.103Z [ERROR] [EventsGateway] Client connected without token {"clientId":"I4CLXdDBIaX3Ls47AAy9"}
2026-04-14T23:55:47.119Z [ERROR] [EventsGateway] Client connected without token {"clientId":"jH9jHKx_R9RfeHPVAAy_"}
2026-04-14T23:55:47.133Z [ERROR] [EventsGateway] Client connected without token {"clientId":"wCvASz391JePsZCGAAzB"}
2026-04-14T23:55:47.148Z [ERROR] [EventsGateway] Client connected without token {"clientId":"_gfjxnPrawYnCTLQAAzD"}
2026-04-14T23:55:47.163Z [ERROR] [EventsGateway] Client connected without token {"clientId":"W_I4m3zBsvyPNt0iAAzF"}
2026-04-14T23:55:47.179Z [ERROR] [EventsGateway] Client connected without token {"clientId":"SKmAao0GRsDr72wQAAzH"}
2026-04-14T23:55:47.198Z [ERROR] [EventsGateway] Client connected without token {"clientId":"YNal7dXHs-_aSHEiAAzJ"}
2026-04-14T23:55:47.211Z [ERROR] [EventsGateway] Client connected without token {"clientId":"rcR1AkX8JMHeqr98AAzL"}
2026-04-14T23:55:47.229Z [ERROR] [EventsGateway] Client connected without token {"clientId":"07MB2Ne_zTMyY07zAAzN"}
2026-04-14T23:55:47.245Z [ERROR] [EventsGateway] Client connected without token {"clientId":"xOkjU97BVCUaEQpGAAzP"}
2026-04-14T23:55:47.262Z [ERROR] [EventsGateway] Client connected without token {"clientId":"xOE65wwKmcFx-ITnAAzR"}
2026-04-14T23:55:47.279Z [ERROR] [EventsGateway] Client connected without token {"clientId":"lioo5QYvd7BfbT59AAzT"}
2026-04-14T23:55:47.296Z [ERROR] [EventsGateway] Client connected without token {"clientId":"Xhv-1pUM5r8GRqHNAAzV"}
2026-04-14T23:55:47.310Z [ERROR] [EventsGateway] Client connected without token {"clientId":"8hoJoCQNAKxKGTERAAzX"}
2026-04-14T23:55:47.430Z [ERROR] [EventsGateway] Client connected without token {"clientId":"CRp039wksDzkoMCGAAzZ"}
2026-04-14T23:55:47.443Z [ERROR] [EventsGateway] Client connected without token {"clientId":"TMnQ-4swj_8n1sWkAAzb"}
2026-04-14T23:55:47.483Z [ERROR] [EventsGateway] Client connected without token {"clientId":"abL65Wm0kHepwebXAAzd"}
2026-04-14T23:55:47.496Z [ERROR] [EventsGateway] Client connected without token {"clientId":"N4aDr3FricTQtAvUAAzf"}
2026-04-14T23:55:47.512Z [ERROR] [EventsGateway] Client connected without token {"clientId":"41ASYkcxdypn9K6QAAzh"}
2026-04-14T23:55:47.529Z [ERROR] [EventsGateway] Client connected without token {"clientId":"AM5inq7NfRpghYEOAAzj"}
2026-04-14T23:55:47.551Z [ERROR] [EventsGateway] Client connected without token {"clientId":"nCjORUqnPPsIRdLbAAzl"}
2026-04-14T23:55:47.569Z [ERROR] [EventsGateway] Client connected without token {"clientId":"yh_qqfv_yy3twgtBAAzn"}
2026-04-14T23:55:47.590Z [ERROR] [EventsGateway] Client connected without token {"clientId":"wPV7ahfiusIdu-G0AAzp"}
2026-04-14T23:55:47.607Z [ERROR] [EventsGateway] Client connected without token {"clientId":"LEzBqmSZGFtd4zugAAzr"}
2026-04-14T23:55:47.627Z [ERROR] [EventsGateway] Client connected without token {"clientId":"K7AWvwLxqoHHigSzAAzt"}
2026-04-14T23:55:47.638Z [ERROR] [EventsGateway] Client connected without token {"clientId":"txZRRTPJluep70uRAAzv"}
2026-04-14T23:55:47.656Z [ERROR] [EventsGateway] Client connected without token {"clientId":"n_yi7CKoUjuyy1VIAAzx"}
2026-04-14T23:55:47.676Z [ERROR] [EventsGateway] Client connected without token {"clientId":"WEBmPoepehZJgFBEAAzz"}
2026-04-14T23:55:47.688Z [ERROR] [EventsGateway] Client connected without token {"clientId":"wJsHATbL2BnSA0l2AAz1"}
2026-04-14T23:55:47.716Z [ERROR] [EventsGateway] Client connected without token {"clientId":"faU3C-dXAP_VtO1TAAz3"}
2026-04-14T23:55:47.729Z [ERROR] [EventsGateway] Client connected without token {"clientId":"_ZKrAEcttH0P1EOFAAz5"}
2026-04-14T23:55:47.749Z [ERROR] [EventsGateway] Client connected without token {"clientId":"xEDwjK2u43Uh00M_AAz7"}
2026-04-14T23:55:47.760Z [ERROR] [EventsGateway] Client connected without token {"clientId":"9nAhW-etWO7l-b90AAz9"}
2026-04-14T23:55:47.773Z [ERROR] [EventsGateway] Client connected without token {"clientId":"_OUaBrTbbfZRv1E4AAz_"}
2026-04-14T23:55:47.788Z [ERROR] [EventsGateway] Client connected without token {"clientId":"n5MkCePHIkCfeIlxAA0B"}
2026-04-14T23:55:47.802Z [ERROR] [EventsGateway] Client connected without token {"clientId":"lhI-tqoRpWzbZwYCAA0D"}
2026-04-14T23:55:47.819Z [ERROR] [EventsGateway] Client connected without token {"clientId":"TPxa5hrNv6Tn6wiAAA0F"}
2026-04-14T23:55:47.846Z [ERROR] [EventsGateway] Client connected without token {"clientId":"Fxm8FmfzlR6LQGGgAA0H"}
2026-04-14T23:55:47.925Z [ERROR] [EventsGateway] Client connected without token {"clientId":"24AjoQ2mFBSEZCcEAA0J"}
2026-04-14T23:55:47.983Z [ERROR] [EventsGateway] Client connected without token {"clientId":"5jqLIIIcRDk5mBD5AA0L"}
2026-04-14T23:55:48.007Z [ERROR] [EventsGateway] Client connected without token {"clientId":"unXdqDEZnwK9bGgTAA0N"}
2026-04-14T23:55:48.028Z [ERROR] [EventsGateway] Client connected without token {"clientId":"fH7xRGSPDPTsY6UhAA0P"}
2026-04-14T23:55:48.043Z [ERROR] [EventsGateway] Client connected without token {"clientId":"SeFJ-m_cLE5dVLFCAA0R"}
2026-04-14T23:55:48.065Z [ERROR] [EventsGateway] Client connected without token {"clientId":"NNrCd9JNJ6kaLnEsAA0T"}
2026-04-14T23:55:48.091Z [ERROR] [EventsGateway] Client connected without token {"clientId":"dSXoXYD2lGqZ2UaBAA0V"}
2026-04-14T23:55:48.109Z [ERROR] [EventsGateway] Client connected without token {"clientId":"C11u4i5jGTAJinTKAA0X"}
2026-04-14T23:55:48.126Z [ERROR] [EventsGateway] Client connected without token {"clientId":"wNfiBk-tbTSJIDVaAA0Z"}
2026-04-14T23:55:48.142Z [ERROR] [EventsGateway] Client connected without token {"clientId":"3Xv0rtM9kQCMR6C4AA0b"}
2026-04-14T23:55:48.208Z [ERROR] [EventsGateway] Client connected without token {"clientId":"r03dAQEPU-JlG0uvAA0d"}
2026-04-14T23:55:48.423Z [ERROR] [EventsGateway] Client connected without token {"clientId":"KBL13vAs5tk-P74gAA0f"}
2026-04-14T23:55:48.489Z [ERROR] [EventsGateway] Client connected without token {"clientId":"x4EImPD64f2eBZfmAA0h"}
2026-04-14T23:55:48.553Z [ERROR] [EventsGateway] Client connected without token {"clientId":"SeHlfdl71GqiyG3qAA0j"}
2026-04-14T23:55:48.579Z [ERROR] [EventsGateway] Client connected without token {"clientId":"13xpweBT1FUJu9WAAA0l"}
2026-04-14T23:55:48.600Z [ERROR] [EventsGateway] Client connected without token {"clientId":"X13oN2K1LhPjmCh8AA0n"}
2026-04-14T23:55:48.626Z [ERROR] [EventsGateway] Client connected without token {"clientId":"QGAMMGi291aB3GZvAA0p"}
2026-04-14T23:55:48.645Z [ERROR] [EventsGateway] Client connected without token {"clientId":"j95XSCbzfmJChtG_AA0r"}
2026-04-14T23:55:48.669Z [ERROR] [EventsGateway] Client connected without token {"clientId":"-nRw08wnfBx7RSEBAA0t"}
2026-04-14T23:55:48.684Z [ERROR] [EventsGateway] Client connected without token {"clientId":"o-vI4dIAEg2XGz3ZAA0v"}
2026-04-14T23:55:48.699Z [ERROR] [EventsGateway] Client connected without token {"clientId":"OXVG5n3sJKIx5LHcAA0x"}
2026-04-14T23:55:48.715Z [ERROR] [EventsGateway] Client connected without token {"clientId":"FWIpYn2TtFvizNq1AA0z"}
2026-04-14T23:55:48.732Z [ERROR] [EventsGateway] Client connected without token {"clientId":"uc6mXQ7szj40RQUoAA01"}
2026-04-14T23:55:48.748Z [ERROR] [EventsGateway] Client connected without token {"clientId":"HBuf8LBaYbTRBuWpAA03"}
2026-04-14T23:55:48.764Z [ERROR] [EventsGateway] Client connected without token {"clientId":"UE-NLQalOdVS1adLAA05"}
2026-04-14T23:55:48.779Z [ERROR] [EventsGateway] Client connected without token {"clientId":"xrDyGaKXPaof2aEfAA07"}
2026-04-14T23:55:48.795Z [ERROR] [EventsGateway] Client connected without token {"clientId":"A9fQKfisZ66YREW9AA09"}
2026-04-14T23:55:48.812Z [ERROR] [EventsGateway] Client connected without token {"clientId":"VW6t_rIyh4Lxci7MAA0_"}
2026-04-14T23:55:48.823Z [ERROR] [EventsGateway] Client connected without token {"clientId":"uce0jaf_-fhE91rhAA1B"}
2026-04-14T23:55:48.837Z [ERROR] [EventsGateway] Client connected without token {"clientId":"_ONlxN1C9RlNfZCiAA1D"}
2026-04-14T23:55:48.851Z [ERROR] [EventsGateway] Client connected without token {"clientId":"SsmK6qHwXfLnxEmDAA1F"}
2026-04-14T23:55:48.865Z [ERROR] [EventsGateway] Client connected without token {"clientId":"Armnmw8t4vXVgAJsAA1H"}
2026-04-14T23:55:48.879Z [ERROR] [EventsGateway] Client connected without token {"clientId":"qWfDbghv_VddWLr3AA1J"}
2026-04-14T23:55:48.893Z [ERROR] [EventsGateway] Client connected without token {"clientId":"kLREq6KvckrvzYK8AA1L"}
2026-04-14T23:55:48.908Z [ERROR] [EventsGateway] Client connected without token {"clientId":"zz-_ta1EbXEJmpXxAA1N"}
2026-04-14T23:55:48.923Z [ERROR] [EventsGateway] Client connected without token {"clientId":"8NaIYnCJDVjPIJ2vAA1P"}
2026-04-14T23:55:48.946Z [ERROR] [EventsGateway] Client connected without token {"clientId":"H6VN61I12pPzS1fVAA1R"}
2026-04-14T23:55:48.963Z [ERROR] [EventsGateway] Client connected without token {"clientId":"7uA-uybVANzzCRGmAA1T"}
2026-04-14T23:55:49.143Z [ERROR] [EventsGateway] Client connected without token {"clientId":"-AGzpy7poUQFGr-RAA1V"}
2026-04-14T23:55:49.155Z [ERROR] [EventsGateway] Client connected without token {"clientId":"P-VgpevsD53HZKRQAA1X"}
2026-04-14T23:55:49.200Z [ERROR] [EventsGateway] Client connected without token {"clientId":"g3jXPUu2CgXrbddJAA1Z"}
2026-04-14T23:55:49.214Z [ERROR] [EventsGateway] Client connected without token {"clientId":"sruQzUdkcSv2D_KmAA1b"}
2026-04-14T23:55:49.227Z [ERROR] [EventsGateway] Client connected without token {"clientId":"QySdLD_6ZHhzohcBAA1d"}
2026-04-14T23:55:49.243Z [ERROR] [EventsGateway] Client connected without token {"clientId":"UR4YNV67P9V5xCAAAA1f"}
2026-04-14T23:55:49.257Z [ERROR] [EventsGateway] Client connected without token {"clientId":"iFqJ_4GviwS1xDlrAA1h"}
2026-04-14T23:55:49.274Z [ERROR] [EventsGateway] Client connected without token {"clientId":"NIRC4yIeCnhqi8L6AA1j"}
2026-04-14T23:55:49.290Z [ERROR] [EventsGateway] Client connected without token {"clientId":"HWs8JtFfOaBGww5UAA1l"}
2026-04-14T23:55:49.305Z [ERROR] [EventsGateway] Client connected without token {"clientId":"KGc7opq38lSbzki0AA1n"}
2026-04-14T23:55:49.319Z [ERROR] [EventsGateway] Client connected without token {"clientId":"mvQTodPQdZexnghVAA1p"}
2026-04-14T23:55:49.334Z [ERROR] [EventsGateway] Client connected without token {"clientId":"iU7apKPhVjBlPCGlAA1r"}
2026-04-14T23:55:49.349Z [ERROR] [EventsGateway] Client connected without token {"clientId":"-EeTKJP_DyJYZdEsAA1t"}
2026-04-14T23:55:49.367Z [ERROR] [EventsGateway] Client connected without token {"clientId":"ggdZNSbfvFVxhmjzAA1v"}
2026-04-14T23:55:49.385Z [ERROR] [EventsGateway] Client connected without token {"clientId":"Qc2lDBmZCMu4MuBfAA1x"}
2026-04-14T23:55:49.403Z [ERROR] [EventsGateway] Client connected without token {"clientId":"qrunScYxMvJ9Fv9cAA1z"}
2026-04-14T23:55:49.420Z [ERROR] [EventsGateway] Client connected without token {"clientId":"OnxX6sQCl-PoHnKEAA11"}
2026-04-14T23:55:49.434Z [ERROR] [EventsGateway] Client connected without token {"clientId":"Uo8Cznwrtpe367hdAA13"}
2026-04-14T23:55:49.453Z [ERROR] [EventsGateway] Client connected without token {"clientId":"sn8JDPkf9e6AOAE5AA15"}
2026-04-14T23:55:49.464Z [ERROR] [EventsGateway] Client connected without token {"clientId":"mmG2lurcZ5wxms5MAA17"}
2026-04-14T23:55:49.483Z [ERROR] [EventsGateway] Client connected without token {"clientId":"8mjMLde_TzauDh1AAA19"}
2026-04-14T23:55:49.501Z [ERROR] [EventsGateway] Client connected without token {"clientId":"GgO28zDZSrHyp-eVAA1_"}
2026-04-14T23:55:49.512Z [ERROR] [EventsGateway] Client connected without token {"clientId":"DqO9d1BlS4RKE01XAA2B"}
2026-04-14T23:55:49.526Z [ERROR] [EventsGateway] Client connected without token {"clientId":"aPOLuoiVXkG8agmnAA2D"}
2026-04-14T23:55:49.542Z [ERROR] [EventsGateway] Client connected without token {"clientId":"3iipzYTu2ra0lp67AA2F"}
2026-04-14T23:55:49.560Z [ERROR] [EventsGateway] Client connected without token {"clientId":"JBRkXEN6fOltLKrFAA2H"}
2026-04-14T23:55:49.576Z [ERROR] [EventsGateway] Client connected without token {"clientId":"byoMaQJ5v-3fURfVAA2J"}
2026-04-14T23:55:49.589Z [ERROR] [EventsGateway] Client connected without token {"clientId":"gjEaeHhReoMz2yaXAA2L"}
2026-04-14T23:55:49.604Z [ERROR] [EventsGateway] Client connected without token {"clientId":"xs-ga6apgb704_4jAA2N"}
2026-04-14T23:55:49.620Z [ERROR] [EventsGateway] Client connected without token {"clientId":"M3li_jb0gF5--rwBAA2P"}
2026-04-14T23:55:49.633Z [ERROR] [EventsGateway] Client connected without token {"clientId":"z-U6Nqi3N6IF1NMkAA2R"}
2026-04-14T23:55:49.650Z [ERROR] [EventsGateway] Client connected without token {"clientId":"MCRKgpqAasU2VhI4AA2T"}
2026-04-14T23:55:49.673Z [ERROR] [EventsGateway] Client connected without token {"clientId":"qbCUCzmE9pBLYQOsAA2V"}
2026-04-14T23:55:49.814Z [ERROR] [EventsGateway] Client connected without token {"clientId":"Z4F6b_hpBOIMBntZAA2X"}
2026-04-14T23:55:49.851Z [ERROR] [EventsGateway] Client connected without token {"clientId":"QfIxYtX45IwfKYeTAA2Z"}
2026-04-14T23:55:49.915Z [ERROR] [EventsGateway] Client connected without token {"clientId":"pmwOdnGDSRIwEqJ4AA2b"}
2026-04-14T23:55:49.940Z [ERROR] [EventsGateway] Client connected without token {"clientId":"WRi54J31pi6jn3LaAA2d"}
2026-04-14T23:55:49.964Z [ERROR] [EventsGateway] Client connected without token {"clientId":"9qtBIbLhDI68519QAA2f"}
2026-04-14T23:55:49.979Z [ERROR] [EventsGateway] Client connected without token {"clientId":"mdT6FBLcimmQJTa2AA2h"}
2026-04-14T23:55:49.995Z [ERROR] [EventsGateway] Client connected without token {"clientId":"M_1Z4GUhxwIllDXcAA2j"}
2026-04-14T23:55:50.011Z [ERROR] [EventsGateway] Client connected without token {"clientId":"SrvP5_j-8ecBZyCXAA2l"}
2026-04-14T23:55:50.024Z [ERROR] [EventsGateway] Client connected without token {"clientId":"Bw01xhKmRJs9ykg1AA2n"}
2026-04-14T23:55:50.046Z [ERROR] [EventsGateway] Client connected without token {"clientId":"XRKrg8FdxcNcbvxeAA2p"}
2026-04-14T23:55:50.068Z [ERROR] [EventsGateway] Client connected without token {"clientId":"IA-bhj_40SX1MY6lAA2r"}
2026-04-14T23:55:50.085Z [ERROR] [EventsGateway] Client connected without token {"clientId":"LylLtTMLMyx9DVleAA2t"}
2026-04-14T23:55:50.100Z [ERROR] [EventsGateway] Client connected without token {"clientId":"I-RlYQ0jxvxLwMwEAA2v"}
2026-04-14T23:55:50.123Z [ERROR] [EventsGateway] Client connected without token {"clientId":"Iz1q8IcTY9o2D_q0AA2x"}
2026-04-14T23:55:50.139Z [ERROR] [EventsGateway] Client connected without token {"clientId":"pC7oJoq0ChW1poZKAA2z"}
2026-04-14T23:55:50.157Z [ERROR] [EventsGateway] Client connected without token {"clientId":"C-4coF9WZHZOSKr1AA21"}
2026-04-14T23:55:50.168Z [ERROR] [EventsGateway] Client connected without token {"clientId":"S0XzF9JIFVlsySttAA23"}
2026-04-14T23:55:50.184Z [ERROR] [EventsGateway] Client connected without token {"clientId":"iF4r5bJybkrOSkKRAA25"}
2026-04-14T23:55:50.203Z [ERROR] [EventsGateway] Client connected without token {"clientId":"qYrXVEUT5-jgo5d5AA27"}
2026-04-14T23:55:50.219Z [ERROR] [EventsGateway] Client connected without token {"clientId":"XeLskO0AbxrBGw7FAA29"}
2026-04-14T23:55:50.233Z [ERROR] [EventsGateway] Client connected without token {"clientId":"5095QJh8-Yk7OIgxAA2_"}
2026-04-14T23:55:50.247Z [ERROR] [EventsGateway] Client connected without token {"clientId":"6K8NDHaryXmX2WvzAA3B"}
2026-04-14T23:55:50.262Z [ERROR] [EventsGateway] Client connected without token {"clientId":"7BCPr1Ym4zc1CUFfAA3D"}
2026-04-14T23:55:50.279Z [ERROR] [EventsGateway] Client connected without token {"clientId":"cWylDZUMeYNJKvjUAA3F"}
2026-04-14T23:55:50.291Z [ERROR] [EventsGateway] Client connected without token {"clientId":"z1Diz7ePvtpqy1KMAA3H"}
2026-04-14T23:55:50.306Z [ERROR] [EventsGateway] Client connected without token {"clientId":"h8OJ2WY5FxzAibShAA3J"}
2026-04-14T23:55:50.323Z [ERROR] [EventsGateway] Client connected without token {"clientId":"rkHU3V9zUbGAy11FAA3L"}
2026-04-14T23:55:50.337Z [ERROR] [EventsGateway] Client connected without token {"clientId":"uGvFJAYBHI9U7viJAA3N"}
2026-04-14T23:55:50.351Z [ERROR] [EventsGateway] Client connected without token {"clientId":"bhj0n_1oecziotaaAA3P"}
2026-04-14T23:55:50.365Z [ERROR] [EventsGateway] Client connected without token {"clientId":"cFJQoexBllgGCNrqAA3R"}
2026-04-14T23:55:50.380Z [ERROR] [EventsGateway] Client connected without token {"clientId":"PlJUUnT2LUxUivcSAA3T"}
2026-04-14T23:55:50.395Z [ERROR] [EventsGateway] Client connected without token {"clientId":"p-fxZ5OaKgiyrfLWAA3V"}
2026-04-14T23:55:50.410Z [ERROR] [EventsGateway] Client connected without token {"clientId":"bI8zVWoZVkAJXhaTAA3X"}
2026-04-14T23:55:50.429Z [ERROR] [EventsGateway] Client connected without token {"clientId":"fFSq4ePbvNAI5Y2MAA3Z"}
2026-04-14T23:55:50.439Z [ERROR] [EventsGateway] Client connected without token {"clientId":"hF_iNZOSW0QvyRhfAA3b"}
2026-04-14T23:55:50.454Z [ERROR] [EventsGateway] Client connected without token {"clientId":"oB_V8eOfTv-VEEnlAA3d"}
2026-04-14T23:55:50.470Z [ERROR] [EventsGateway] Client connected without token {"clientId":"IL8-4po4gu43brPkAA3f"}
2026-04-14T23:55:50.482Z [ERROR] [EventsGateway] Client connected without token {"clientId":"eUD0j6eaha3YKw-WAA3h"}
2026-04-14T23:55:50.500Z [ERROR] [EventsGateway] Client connected without token {"clientId":"eMhjjg9G0KWW0h5_AA3j"}
2026-04-14T23:55:50.602Z [ERROR] [EventsGateway] Client connected without token {"clientId":"0UsqiRdin9NZys_kAA3l"}
2026-04-14T23:55:50.619Z [ERROR] [EventsGateway] Client connected without token {"clientId":"vdnVs26yNP4Pnag_AA3n"}
2026-04-14T23:55:50.656Z [ERROR] [EventsGateway] Client connected without token {"clientId":"swjBr10xIcysIUVXAA3p"}
2026-04-14T23:55:50.675Z [ERROR] [EventsGateway] Client connected without token {"clientId":"WH2YOC0ql57HkJ_3AA3r"}
2026-04-14T23:55:50.690Z [ERROR] [EventsGateway] Client connected without token {"clientId":"-TDfkWSVC_KMxx6gAA3t"}
2026-04-14T23:55:50.704Z [ERROR] [EventsGateway] Client connected without token {"clientId":"AavCWYGUkeMOwBdOAA3v"}
2026-04-14T23:55:50.722Z [ERROR] [EventsGateway] Client connected without token {"clientId":"MEL4S9Fvx9IVt70GAA3x"}
2026-04-14T23:55:50.738Z [ERROR] [EventsGateway] Client connected without token {"clientId":"GofxXt80xyqiSnveAA3z"}
2026-04-14T23:55:50.756Z [ERROR] [EventsGateway] Client connected without token {"clientId":"X25wg8sS3Jb7MxbkAA31"}
2026-04-14T23:55:50.769Z [ERROR] [EventsGateway] Client connected without token {"clientId":"3H3BMKKfrCWx0gbaAA33"}
2026-04-14T23:55:50.783Z [ERROR] [EventsGateway] Client connected without token {"clientId":"faXnl23soUG9hLM6AA35"}
2026-04-14T23:55:50.800Z [ERROR] [EventsGateway] Client connected without token {"clientId":"4HK_5gTF86eAw3s0AA37"}
2026-04-14T23:55:50.816Z [ERROR] [EventsGateway] Client connected without token {"clientId":"1KmM6cKTMGcZU4bGAA39"}
2026-04-14T23:55:50.831Z [ERROR] [EventsGateway] Client connected without token {"clientId":"jxhit-2e0PsDssZwAA3_"}
2026-04-14T23:55:50.846Z [ERROR] [EventsGateway] Client connected without token {"clientId":"jJXd3Q5cYX7M958xAA4B"}
2026-04-14T23:55:50.860Z [ERROR] [EventsGateway] Client connected without token {"clientId":"nknKuBWgld_Cr4vyAA4D"}
2026-04-14T23:55:50.877Z [ERROR] [EventsGateway] Client connected without token {"clientId":"dBlMC9AErIh__ODBAA4F"}
2026-04-14T23:55:50.891Z [ERROR] [EventsGateway] Client connected without token {"clientId":"H6uMA6FEDsaiYLEFAA4H"}
2026-04-14T23:55:50.906Z [ERROR] [EventsGateway] Client connected without token {"clientId":"XPygaAcGnTrnHTziAA4J"}
2026-04-14T23:55:50.924Z [ERROR] [EventsGateway] Client connected without token {"clientId":"8BBmK18F6msdIDLmAA4L"}
2026-04-14T23:55:50.939Z [ERROR] [EventsGateway] Client connected without token {"clientId":"NqOqn272UuyzKBouAA4N"}
2026-04-14T23:55:50.953Z [ERROR] [EventsGateway] Client connected without token {"clientId":"EzL3MdivgCJX_WBoAA4P"}
2026-04-14T23:55:50.969Z [ERROR] [EventsGateway] Client connected without token {"clientId":"1tBrk6Lrky4aV_HXAA4R"}
2026-04-14T23:55:50.985Z [ERROR] [EventsGateway] Client connected without token {"clientId":"BkrwSw_8TbbUFcFqAA4T"}
2026-04-14T23:55:51.005Z [ERROR] [EventsGateway] Client connected without token {"clientId":"wdE0qWkEdw4jFtR6AA4V"}
2026-04-14T23:55:51.019Z [ERROR] [EventsGateway] Client connected without token {"clientId":"a_uB4PoOYSlRUo4sAA4X"}
2026-04-14T23:55:51.033Z [ERROR] [EventsGateway] Client connected without token {"clientId":"k0X19VX6_La_EAi4AA4Z"}
2026-04-14T23:55:51.048Z [ERROR] [EventsGateway] Client connected without token {"clientId":"wGVdZQVqpMlCmMdpAA4b"}
2026-04-14T23:55:51.064Z [ERROR] [EventsGateway] Client connected without token {"clientId":"hi5bxy-Xy8XnTzuEAA4d"}
2026-04-14T23:55:51.160Z [ERROR] [EventsGateway] Client connected without token {"clientId":"I2ecXuCnS97wqnGRAA4f"}
2026-04-14T23:55:51.174Z [ERROR] [EventsGateway] Client connected without token {"clientId":"UPfAjYOO9xzzZpj6AA4h"}
2026-04-14T23:55:51.203Z [ERROR] [EventsGateway] Client connected without token {"clientId":"R33y487HCC6La-apAA4j"}
2026-04-14T23:55:51.218Z [ERROR] [EventsGateway] Client connected without token {"clientId":"BZw9sxO9663Lz0hvAA4l"}
2026-04-14T23:55:51.234Z [ERROR] [EventsGateway] Client connected without token {"clientId":"pnptT6PmkhK75YQYAA4n"}
2026-04-14T23:55:51.248Z [ERROR] [EventsGateway] Client connected without token {"clientId":"6G1ppECfjyo9kVAeAA4p"}
2026-04-14T23:55:51.262Z [ERROR] [EventsGateway] Client connected without token {"clientId":"oJCMFuGBagynD1HxAA4r"}
2026-04-14T23:55:51.279Z [ERROR] [EventsGateway] Client connected without token {"clientId":"aiUwm48BRrYWCcODAA4t"}
2026-04-14T23:55:51.294Z [ERROR] [EventsGateway] Client connected without token {"clientId":"Su3JjdjS-YW0sYX3AA4v"}
2026-04-14T23:55:51.307Z [ERROR] [EventsGateway] Client connected without token {"clientId":"lyRnNH2Syx71JTNgAA4x"}
2026-04-14T23:55:51.324Z [ERROR] [EventsGateway] Client connected without token {"clientId":"61U_QxS_Nuw_vqHwAA4z"}
2026-04-14T23:55:51.337Z [ERROR] [EventsGateway] Client connected without token {"clientId":"jOgu3uTB6YptmMSLAA41"}
2026-04-14T23:55:51.352Z [ERROR] [EventsGateway] Client connected without token {"clientId":"31YR_dXex1Ztlc7zAA43"}
2026-04-14T23:55:51.365Z [ERROR] [EventsGateway] Client connected without token {"clientId":"iIbnVH7zufuPlP2iAA45"}
2026-04-14T23:55:51.380Z [ERROR] [EventsGateway] Client connected without token {"clientId":"DyLzW0T-pzhR_mhoAA47"}
2026-04-14T23:55:51.395Z [ERROR] [EventsGateway] Client connected without token {"clientId":"EOmvPGzVflOmSMQLAA49"}
2026-04-14T23:55:51.413Z [ERROR] [EventsGateway] Client connected without token {"clientId":"uSbYiyHdbaqkZkv7AA4_"}
2026-04-14T23:55:51.429Z [ERROR] [EventsGateway] Client connected without token {"clientId":"SFD1Rh4i86ko4i1mAA5B"}
2026-04-14T23:55:51.446Z [ERROR] [EventsGateway] Client connected without token {"clientId":"8XOTGVDusYAQ4CXWAA5D"}
2026-04-14T23:55:51.462Z [ERROR] [EventsGateway] Client connected without token {"clientId":"m0MYG5bVRt3quwR8AA5F"}
2026-04-14T23:55:51.485Z [ERROR] [EventsGateway] Client connected without token {"clientId":"sXUIUdJ65UxIwSBTAA5H"}
2026-04-14T23:55:51.494Z [ERROR] [EventsGateway] Client connected without token {"clientId":"k-mzqPOyTKsyw3M3AA5J"}
2026-04-14T23:55:51.510Z [ERROR] [EventsGateway] Client connected without token {"clientId":"79LscMMeK4lFC5CqAA5L"}
2026-04-14T23:55:51.525Z [ERROR] [EventsGateway] Client connected without token {"clientId":"ZrdyyAKHqUHkAtOoAA5N"}
2026-04-14T23:55:51.541Z [ERROR] [EventsGateway] Client connected without token {"clientId":"WhsGV1ZiyCmB6pzZAA5P"}
2026-04-14T23:55:51.556Z [ERROR] [EventsGateway] Client connected without token {"clientId":"xqKB5il9xtzLhOn6AA5R"}
2026-04-14T23:55:51.571Z [ERROR] [EventsGateway] Client connected without token {"clientId":"IUuSGk2KK-fwp51wAA5T"}
2026-04-14T23:55:51.588Z [ERROR] [EventsGateway] Client connected without token {"clientId":"MednuOuuSZhIW1r-AA5V"}
2026-04-14T23:55:51.600Z [ERROR] [EventsGateway] Client connected without token {"clientId":"6G8FBEhRrkbt9019AA5X"}
2026-04-14T23:55:51.620Z [ERROR] [EventsGateway] Client connected without token {"clientId":"K3nqwAU6kg-u7EQSAA5Z"}
2026-04-14T23:55:51.632Z [ERROR] [EventsGateway] Client connected without token {"clientId":"lxWH9G5vXqESnKHXAA5b"}
2026-04-14T23:55:51.646Z [ERROR] [EventsGateway] Client connected without token {"clientId":"Y51rMJ6d0s_ErZ76AA5d"}
2026-04-14T23:55:51.696Z [ERROR] [EventsGateway] Client connected without token {"clientId":"cCaCus8UC3Vp4QSJAA5f"}
2026-04-14T23:55:51.747Z [ERROR] [EventsGateway] Client connected without token {"clientId":"MtFGqIXS2rSNj2ooAA5h"}
2026-04-14T23:55:51.762Z [ERROR] [EventsGateway] Client connected without token {"clientId":"FN_X9DiFwP1jKal_AA5j"}
2026-04-14T23:55:51.794Z [ERROR] [EventsGateway] Client connected without token {"clientId":"Q_2tBfQo2EgBCLu6AA5l"}
2026-04-14T23:55:51.814Z [ERROR] [EventsGateway] Client connected without token {"clientId":"1XGnkVE9wz7U-nnWAA5n"}
2026-04-14T23:55:51.830Z [ERROR] [EventsGateway] Client connected without token {"clientId":"iMsaEO9qalJlPbWDAA5p"}
2026-04-14T23:55:51.846Z [ERROR] [EventsGateway] Client connected without token {"clientId":"NF7BqyuYof1x-cTSAA5r"}
2026-04-14T23:55:51.861Z [ERROR] [EventsGateway] Client connected without token {"clientId":"7vmKOb3VU-wo2mzLAA5t"}
2026-04-14T23:55:51.873Z [ERROR] [EventsGateway] Client connected without token {"clientId":"lkIW7tTGOpK7ChTVAA5v"}
2026-04-14T23:55:51.890Z [ERROR] [EventsGateway] Client connected without token {"clientId":"chdiaZkbk_zuV4i8AA5x"}
2026-04-14T23:55:51.907Z [ERROR] [EventsGateway] Client connected without token {"clientId":"nqEn9y97pfkg3OfcAA5z"}
2026-04-14T23:55:51.923Z [ERROR] [EventsGateway] Client connected without token {"clientId":"-xl3o2S7EhsQtNlYAA51"}
2026-04-14T23:55:51.938Z [ERROR] [EventsGateway] Client connected without token {"clientId":"ejnWHuAHQsdcs4iNAA53"}
2026-04-14T23:55:51.954Z [ERROR] [EventsGateway] Client connected without token {"clientId":"q5WPmbMqiB1CP3iiAA55"}
2026-04-14T23:55:51.974Z [ERROR] [EventsGateway] Client connected without token {"clientId":"BM8JY2V_FTsPB_SqAA57"}
2026-04-14T23:55:51.987Z [ERROR] [EventsGateway] Client connected without token {"clientId":"xG5re5D_n4h0Ss00AA59"}
2026-04-14T23:55:51.999Z [ERROR] [EventsGateway] Client connected without token {"clientId":"NXKHTk-cZYI9Oc80AA5_"}
2026-04-14T23:55:52.013Z [ERROR] [EventsGateway] Client connected without token {"clientId":"KhJjOb693InnbOQpAA6B"}
2026-04-14T23:55:52.028Z [ERROR] [EventsGateway] Client connected without token {"clientId":"xfsG5_RHw4Jm0PP5AA6D"}
2026-04-14T23:55:52.042Z [ERROR] [EventsGateway] Client connected without token {"clientId":"mZi4BCPDG6NoRoHTAA6F"}
2026-04-14T23:55:52.055Z [ERROR] [EventsGateway] Client connected without token {"clientId":"Vi1N6T7QYSP6lIQzAA6H"}
2026-04-14T23:55:52.074Z [ERROR] [EventsGateway] Client connected without token {"clientId":"7HqVXXogsHHRD0UYAA6J"}
2026-04-14T23:55:52.086Z [ERROR] [EventsGateway] Client connected without token {"clientId":"xqt56B8SH_8VQLAqAA6L"}
2026-04-14T23:55:52.100Z [ERROR] [EventsGateway] Client connected without token {"clientId":"W7NupOc0U6CJZ_HyAA6N"}
2026-04-14T23:55:52.114Z [ERROR] [EventsGateway] Client connected without token {"clientId":"6sxfqf4i-XZwlselAA6P"}
2026-04-14T23:55:52.129Z [ERROR] [EventsGateway] Client connected without token {"clientId":"Fd_iruw6gGr3VMhuAA6R"}
2026-04-14T23:55:52.144Z [ERROR] [EventsGateway] Client connected without token {"clientId":"AjqkNzKOSrq057O2AA6T"}
2026-04-14T23:55:52.159Z [ERROR] [EventsGateway] Client connected without token {"clientId":"eOz5Hkxwo6XumCKJAA6V"}
2026-04-14T23:55:52.177Z [ERROR] [EventsGateway] Client connected without token {"clientId":"CxGP87jCOvJJBD-NAA6X"}
2026-04-14T23:55:52.192Z [ERROR] [EventsGateway] Client connected without token {"clientId":"XNUK4PrAGfE0lpSsAA6Z"}
2026-04-14T23:55:52.207Z [ERROR] [EventsGateway] Client connected without token {"clientId":"1nT_YF3wnbKFOsI1AA6b"}
2026-04-14T23:55:52.225Z [ERROR] [EventsGateway] Client connected without token {"clientId":"qEywA7oWGg-qjU9EAA6d"}
2026-04-14T23:55:52.243Z [ERROR] [EventsGateway] Client connected without token {"clientId":"KQaCzfrRVPLzsUfNAA6f"}
2026-04-14T23:55:52.255Z [ERROR] [EventsGateway] Client connected without token {"clientId":"yTB32W3SSu8GUNIoAA6h"}
2026-04-14T23:55:52.317Z [ERROR] [EventsGateway] Client connected without token {"clientId":"DAkqL9Sz-kwPtKpHAA6j"}
2026-04-14T23:55:52.367Z [ERROR] [EventsGateway] Client connected without token {"clientId":"XoPi_zp7KfBYh01TAA6l"}
2026-04-14T23:55:52.392Z [ERROR] [EventsGateway] Client connected without token {"clientId":"E__R7-Q39muN1jeqAA6n"}
2026-04-14T23:55:52.432Z [ERROR] [EventsGateway] Client connected without token {"clientId":"uzg-GBllY_EjGIeMAA6p"}
2026-04-14T23:55:52.447Z [ERROR] [EventsGateway] Client connected without token {"clientId":"fIyee9tslkPFyw7eAA6r"}
2026-04-14T23:55:52.465Z [ERROR] [EventsGateway] Client connected without token {"clientId":"x1RsWnXdbgdneJRHAA6t"}
2026-04-14T23:55:52.480Z [ERROR] [EventsGateway] Client connected without token {"clientId":"waxPqMVAp9vg0gSSAA6v"}
2026-04-14T23:55:52.495Z [ERROR] [EventsGateway] Client connected without token {"clientId":"RX0WCQ_EmdmmE8sJAA6x"}
2026-04-14T23:55:52.514Z [ERROR] [EventsGateway] Client connected without token {"clientId":"CCGHLj8klnCrU9KdAA6z"}
2026-04-14T23:55:52.532Z [ERROR] [EventsGateway] Client connected without token {"clientId":"9gGAQLUOfqP1SVM8AA61"}
2026-04-14T23:55:52.548Z [ERROR] [EventsGateway] Client connected without token {"clientId":"42JBnSHgfeo3ggcgAA63"}
2026-04-14T23:55:52.565Z [ERROR] [EventsGateway] Client connected without token {"clientId":"bXsugLIGM5S1eMpuAA65"}
2026-04-14T23:55:52.581Z [ERROR] [EventsGateway] Client connected without token {"clientId":"nBkScY0PL-3pybsrAA67"}
2026-04-14T23:55:52.596Z [ERROR] [EventsGateway] Client connected without token {"clientId":"7WVNy9FEYvREWjc5AA69"}
2026-04-14T23:55:52.610Z [ERROR] [EventsGateway] Client connected without token {"clientId":"N2gpxz7j_0QFiIH6AA6_"}
2026-04-14T23:55:52.626Z [ERROR] [EventsGateway] Client connected without token {"clientId":"Gg02tJESp6xy5-LlAA7B"}
2026-04-14T23:55:52.640Z [ERROR] [EventsGateway] Client connected without token {"clientId":"ijzlGaco2ZaYS90IAA7D"}
2026-04-14T23:55:52.655Z [ERROR] [EventsGateway] Client connected without token {"clientId":"Z7RAF56ymGhVF-52AA7F"}
2026-04-14T23:55:52.670Z [ERROR] [EventsGateway] Client connected without token {"clientId":"W72S8TnA-kFxKVsLAA7H"}
2026-04-14T23:55:52.685Z [ERROR] [EventsGateway] Client connected without token {"clientId":"JT0KeyE6WCOgcEAfAA7J"}
2026-04-14T23:55:52.698Z [ERROR] [EventsGateway] Client connected without token {"clientId":"8b_X6ynIv9HGOzEJAA7L"}
2026-04-14T23:55:52.712Z [ERROR] [EventsGateway] Client connected without token {"clientId":"b97Qc92tKhcvH8bEAA7N"}
2026-04-14T23:55:52.727Z [ERROR] [EventsGateway] Client connected without token {"clientId":"UHHc1ymv3rO2XRybAA7P"}
2026-04-14T23:55:52.741Z [ERROR] [EventsGateway] Client connected without token {"clientId":"LOtB1lnQP4BmsXhTAA7R"}
2026-04-14T23:55:52.759Z [ERROR] [EventsGateway] Client connected without token {"clientId":"wtEjaQzHHgIZCbAcAA7T"}
2026-04-14T23:55:52.770Z [ERROR] [EventsGateway] Client connected without token {"clientId":"aJKYj_c4bofMPyPcAA7V"}
2026-04-14T23:55:52.786Z [ERROR] [EventsGateway] Client connected without token {"clientId":"qzyejFVsincWzafZAA7X"}
2026-04-14T23:55:52.798Z [ERROR] [EventsGateway] Client connected without token {"clientId":"TBWu3cHsis76OKSrAA7Z"}
2026-04-14T23:55:52.814Z [ERROR] [EventsGateway] Client connected without token {"clientId":"OmDZXAOdX5-ESPckAA7b"}
2026-04-14T23:55:52.828Z [ERROR] [EventsGateway] Client connected without token {"clientId":"hZSju0_SloImFhRcAA7d"}
2026-04-14T23:55:52.841Z [ERROR] [EventsGateway] Client connected without token {"clientId":"B6GexTHLfJSdyisHAA7f"}
2026-04-14T23:55:52.856Z [ERROR] [EventsGateway] Client connected without token {"clientId":"Jtsm3N2ni1itC83tAA7h"}
2026-04-14T23:55:52.874Z [ERROR] [EventsGateway] Client connected without token {"clientId":"QT5gybWE1Obacmk8AA7j"}
2026-04-14T23:55:52.997Z [ERROR] [EventsGateway] Client connected without token {"clientId":"xgwxNe3EG5xLwDXIAA7l"}
2026-04-14T23:55:53.010Z [ERROR] [EventsGateway] Client connected without token {"clientId":"bu-YTldY0mI5b055AA7n"}
2026-04-14T23:55:53.065Z [ERROR] [EventsGateway] Client connected without token {"clientId":"lQM3a_XBdXAtDP25AA7p"}
2026-04-14T23:55:53.115Z [ERROR] [EventsGateway] Client connected without token {"clientId":"qs39ld5vD4GiNgBJAA7r"}
2026-04-14T23:55:53.126Z [ERROR] [EventsGateway] Client connected without token {"clientId":"MlcLP2gX14EcYB_3AA7t"}
2026-04-14T23:55:53.141Z [ERROR] [EventsGateway] Client connected without token {"clientId":"Y-bfvwTy6j6PwuEcAA7v"}
2026-04-14T23:55:53.155Z [ERROR] [EventsGateway] Client connected without token {"clientId":"5_V6klb6azYNf5qJAA7x"}
2026-04-14T23:55:53.171Z [ERROR] [EventsGateway] Client connected without token {"clientId":"b8LhiXi0iskTxW1wAA7z"}
2026-04-14T23:55:53.184Z [ERROR] [EventsGateway] Client connected without token {"clientId":"dnXhUZNcfzYq3kOpAA71"}
2026-04-14T23:55:53.198Z [ERROR] [EventsGateway] Client connected without token {"clientId":"6KEiXrZhtuOY8_B9AA73"}
2026-04-14T23:55:53.214Z [ERROR] [EventsGateway] Client connected without token {"clientId":"VBEqYVOOA063nMujAA75"}
2026-04-14T23:55:53.229Z [ERROR] [EventsGateway] Client connected without token {"clientId":"l9XuAW6B-nr9DvMVAA77"}
2026-04-14T23:56:04.805Z [ERROR] [EventsGateway] Client connected without token {"clientId":"3ORjkEC2ZYK-_eL9AA79"}
2026-04-14T23:56:04.839Z [ERROR] [EventsGateway] Client connected without token {"clientId":"C6IRKfZ8-n3lnf45AA7_"}
2026-04-14T23:56:04.854Z [ERROR] [EventsGateway] Client connected without token {"clientId":"VRN0zx_zvV9taWO8AA8B"}
2026-04-14T23:56:04.877Z [ERROR] [EventsGateway] Client connected without token {"clientId":"g3JHlMip_fR_HC_IAA8D"}
2026-04-14T23:56:04.889Z [ERROR] [EventsGateway] Client connected without token {"clientId":"9-CbaD1vPhz44So6AA8F"}
2026-04-14T23:56:04.902Z [ERROR] [EventsGateway] Client connected without token {"clientId":"8Dc8ILF-mg3Dk3MPAA8H"}
2026-04-14T23:56:04.915Z [ERROR] [EventsGateway] Client connected without token {"clientId":"OnJpaDBnXdP7amDBAA8J"}
2026-04-14T23:56:04.931Z [ERROR] [EventsGateway] Client connected without token {"clientId":"oQfTMQoLlgiUwKqjAA8L"}
2026-04-14T23:56:04.944Z [ERROR] [EventsGateway] Client connected without token {"clientId":"4zGBvspfUqPkYOXtAA8N"}
2026-04-14T23:56:04.959Z [ERROR] [EventsGateway] Client connected without token {"clientId":"vd1gLsbLi33Dfx0nAA8P"}
2026-04-14T23:56:04.972Z [ERROR] [EventsGateway] Client connected without token {"clientId":"dtWeK6H0NRmfD0tHAA8R"}
2026-04-14T23:56:04.986Z [ERROR] [EventsGateway] Client connected without token {"clientId":"O6gU-JE-Pz3BVXUyAA8T"}
2026-04-14T23:56:05.000Z [ERROR] [EventsGateway] Client connected without token {"clientId":"RpzF6PkRz_TyJ-OyAA8V"}
2026-04-14T23:56:05.014Z [ERROR] [EventsGateway] Client connected without token {"clientId":"GGOoRuwr_bYM_xZFAA8X"}
2026-04-14T23:56:05.029Z [ERROR] [EventsGateway] Client connected without token {"clientId":"BrlvaInX8N-XnwDaAA8Z"}
2026-04-14T23:56:05.043Z [ERROR] [EventsGateway] Client connected without token {"clientId":"jwjj_QwhDIGMnIAzAA8b"}
2026-04-14T23:56:05.057Z [ERROR] [EventsGateway] Client connected without token {"clientId":"7AK0Lp4Z60mwmbsqAA8d"}
2026-04-14T23:56:05.071Z [ERROR] [EventsGateway] Client connected without token {"clientId":"d4XjiE-fhP-_jfloAA8f"}
2026-04-14T23:56:05.083Z [ERROR] [EventsGateway] Client connected without token {"clientId":"3JbrE9EcjCWP-Qi3AA8h"}
2026-04-14T23:56:05.097Z [ERROR] [EventsGateway] Client connected without token {"clientId":"m0ypH-ngDe5gjRZqAA8j"}
2026-04-14T23:56:05.110Z [ERROR] [EventsGateway] Client connected without token {"clientId":"fYeyqdRsPSw9uze-AA8l"}
2026-04-14T23:56:05.124Z [ERROR] [EventsGateway] Client connected without token {"clientId":"L-LRdVXUOqFPwR4rAA8n"}
2026-04-14T23:56:05.137Z [ERROR] [EventsGateway] Client connected without token {"clientId":"i-aR-FzQfK7bQVd-AA8p"}
2026-04-14T23:56:05.153Z [ERROR] [EventsGateway] Client connected without token {"clientId":"AnA8nU2uWX3TpkXgAA8r"}
2026-04-14T23:56:05.168Z [ERROR] [EventsGateway] Client connected without token {"clientId":"81Kubyycf8K9hmrKAA8t"}
2026-04-14T23:56:05.180Z [ERROR] [EventsGateway] Client connected without token {"clientId":"C8PRq2VBxO3SPKJ_AA8v"}
2026-04-14T23:56:05.195Z [ERROR] [EventsGateway] Client connected without token {"clientId":"fWMASmj6rUIabVlOAA8x"}
2026-04-14T23:56:05.207Z [ERROR] [EventsGateway] Client connected without token {"clientId":"9Z98VQxaTo8FOd8FAA8z"}
2026-04-14T23:56:05.222Z [ERROR] [EventsGateway] Client connected without token {"clientId":"AcfS4HG6o3VJrD1KAA81"}
2026-04-14T23:56:05.235Z [ERROR] [EventsGateway] Client connected without token {"clientId":"REGKQdkher6HRM0SAA83"}
2026-04-14T23:56:05.248Z [ERROR] [EventsGateway] Client connected without token {"clientId":"QkKxxFmIbnJpKAkaAA85"}
2026-04-14T23:56:05.265Z [ERROR] [EventsGateway] Client connected without token {"clientId":"Xb8ndKPKFTJSeRsPAA87"}
2026-04-14T23:56:05.280Z [ERROR] [EventsGateway] Client connected without token {"clientId":"S5DfHLQOYvKoNXYAAA89"}
2026-04-14T23:56:05.293Z [ERROR] [EventsGateway] Client connected without token {"clientId":"lS7DZ5AfObldUzkqAA8_"}
2026-04-14T23:56:05.309Z [ERROR] [EventsGateway] Client connected without token {"clientId":"qYN5rdkG_04g0s7UAA9B"}
2026-04-14T23:56:05.323Z [ERROR] [EventsGateway] Client connected without token {"clientId":"xnnE5DGkRSRB6o6TAA9D"}
2026-04-14T23:56:05.336Z [ERROR] [EventsGateway] Client connected without token {"clientId":"9NRcMvmAMg2o7XoYAA9F"}
2026-04-14T23:56:05.350Z [ERROR] [EventsGateway] Client connected without token {"clientId":"lZS2NSrWOCzQYgVdAA9H"}
2026-04-14T23:56:05.364Z [ERROR] [EventsGateway] Client connected without token {"clientId":"qYsUZ_l4GBOvskPaAA9J"}
2026-04-14T23:56:05.378Z [ERROR] [EventsGateway] Client connected without token {"clientId":"FBZXfpYZ75HiZssQAA9L"}
2026-04-14T23:56:05.390Z [ERROR] [EventsGateway] Client connected without token {"clientId":"6ZLE25EpzjTkiOKBAA9N"}
2026-04-14T23:56:05.405Z [ERROR] [EventsGateway] Client connected without token {"clientId":"EmVa8pVZVRXyt8MgAA9P"}
2026-04-14T23:56:05.419Z [ERROR] [EventsGateway] Client connected without token {"clientId":"HqMr6xLKMdw0uzpRAA9R"}
2026-04-14T23:56:05.432Z [ERROR] [EventsGateway] Client connected without token {"clientId":"l9Gv7UDffPVq-c-9AA9T"}
2026-04-14T23:56:05.446Z [ERROR] [EventsGateway] Client connected without token {"clientId":"4jql3zgq-MV90n7KAA9V"}
2026-04-14T23:56:05.459Z [ERROR] [EventsGateway] Client connected without token {"clientId":"IuARW0I763-sTTHXAA9X"}
2026-04-14T23:56:05.475Z [ERROR] [EventsGateway] Client connected without token {"clientId":"QsbAxb3b6BEfFNSrAA9Z"}
2026-04-14T23:56:05.493Z [ERROR] [EventsGateway] Client connected without token {"clientId":"nph-icHdTwR_gwh0AA9b"}
2026-04-14T23:56:05.505Z [ERROR] [EventsGateway] Client connected without token {"clientId":"LzhkrcI_vbqxAPbWAA9d"}
2026-04-14T23:56:05.519Z [ERROR] [EventsGateway] Client connected without token {"clientId":"-xcqIgT6WAcYFE-bAA9f"}
2026-04-14T23:56:05.534Z [ERROR] [EventsGateway] Client connected without token {"clientId":"5gABoTOVggNC83A1AA9h"}
2026-04-14T23:56:05.548Z [ERROR] [EventsGateway] Client connected without token {"clientId":"2nWF4XzVjlrFkIKwAA9j"}
2026-04-14T23:56:05.561Z [ERROR] [EventsGateway] Client connected without token {"clientId":"Ekn5XjOXizMn4cMXAA9l"}
2026-04-14T23:56:05.573Z [ERROR] [EventsGateway] Client connected without token {"clientId":"wojvg9XhMmd1RigvAA9n"}
2026-04-14T23:56:05.587Z [ERROR] [EventsGateway] Client connected without token {"clientId":"Rjk5u5MBNUubyNLGAA9p"}
2026-04-14T23:56:05.601Z [ERROR] [EventsGateway] Client connected without token {"clientId":"TWhpHQuPfDcgTTD8AA9r"}
2026-04-14T23:56:05.623Z [ERROR] [EventsGateway] Client connected without token {"clientId":"Z2hICEl5wsRcINMeAA9t"}
2026-04-14T23:56:05.635Z [ERROR] [EventsGateway] Client connected without token {"clientId":"7Wpw7fdatMl18XdVAA9v"}
2026-04-14T23:56:05.650Z [ERROR] [EventsGateway] Client connected without token {"clientId":"CEdRJI3kMyAA5A6mAA9x"}
2026-04-14T23:56:05.664Z [ERROR] [EventsGateway] Client connected without token {"clientId":"WnrBIB2moPwm2yl-AA9z"}
2026-04-14T23:56:05.678Z [ERROR] [EventsGateway] Client connected without token {"clientId":"ar5qCIJwjS6z7iEgAA91"}
2026-04-14T23:56:05.693Z [ERROR] [EventsGateway] Client connected without token {"clientId":"_tsEb4Usa-Y76V77AA93"}
2026-04-14T23:56:05.707Z [ERROR] [EventsGateway] Client connected without token {"clientId":"m1_vqSlDGsiVrNCgAA95"}
2026-04-14T23:56:05.722Z [ERROR] [EventsGateway] Client connected without token {"clientId":"xKew-F5c23D1vkLjAA97"}
2026-04-14T23:56:05.736Z [ERROR] [EventsGateway] Client connected without token {"clientId":"4x5HKKkSpnMjYxRIAA99"}
2026-04-14T23:56:05.750Z [ERROR] [EventsGateway] Client connected without token {"clientId":"KBGZCvBzpRxfRABfAA9_"}
2026-04-14T23:56:05.764Z [ERROR] [EventsGateway] Client connected without token {"clientId":"tIvw8gPhSYBPwSFjAA-B"}
2026-04-14T23:56:05.778Z [ERROR] [EventsGateway] Client connected without token {"clientId":"tx4f85N7fCLgokPAAA-D"}
2026-04-14T23:56:05.792Z [ERROR] [EventsGateway] Client connected without token {"clientId":"Kqe2D4UyZwKvdLuDAA-F"}
2026-04-14T23:56:05.806Z [ERROR] [EventsGateway] Client connected without token {"clientId":"HQMQcqy0GXGflDEEAA-H"}
2026-04-14T23:56:05.821Z [ERROR] [EventsGateway] Client connected without token {"clientId":"1s_208VA42YxmOK2AA-J"}
2026-04-14T23:56:05.833Z [ERROR] [EventsGateway] Client connected without token {"clientId":"B2Yjwj_KvoFvDks6AA-L"}
2026-04-14T23:56:05.847Z [ERROR] [EventsGateway] Client connected without token {"clientId":"tWYQLiwL5Wyw1FlGAA-N"}
2026-04-14T23:56:05.862Z [ERROR] [EventsGateway] Client connected without token {"clientId":"6_5kfqvnUCMiHEVHAA-P"}
2026-04-14T23:56:05.875Z [ERROR] [EventsGateway] Client connected without token {"clientId":"cFKUrQq29iCyaG5IAA-R"}
2026-04-14T23:56:05.889Z [ERROR] [EventsGateway] Client connected without token {"clientId":"ZsF_Dp-PjMkygrZyAA-T"}
2026-04-14T23:56:05.903Z [ERROR] [EventsGateway] Client connected without token {"clientId":"vr2Q18Ob5KilNpmiAA-V"}
2026-04-14T23:56:05.918Z [ERROR] [EventsGateway] Client connected without token {"clientId":"DS_wqWTCPdQlHEQJAA-X"}
2026-04-14T23:56:05.933Z [ERROR] [EventsGateway] Client connected without token {"clientId":"dI_jllCe6T3AroYBAA-Z"}
2026-04-14T23:56:05.949Z [ERROR] [EventsGateway] Client connected without token {"clientId":"3NCXvWy-y2f9Fab3AA-b"}
2026-04-14T23:56:05.963Z [ERROR] [EventsGateway] Client connected without token {"clientId":"8tw929wMuJeB95OuAA-d"}
2026-04-14T23:56:05.978Z [ERROR] [EventsGateway] Client connected without token {"clientId":"qUqQbVdNuKMMms2hAA-f"}
2026-04-14T23:56:05.993Z [ERROR] [EventsGateway] Client connected without token {"clientId":"zp-lnAD3R5QeU3D8AA-h"}
2026-04-14T23:56:06.005Z [ERROR] [EventsGateway] Client connected without token {"clientId":"Rg4NEra3BpZeeEpOAA-j"}
2026-04-14T23:56:06.020Z [ERROR] [EventsGateway] Client connected without token {"clientId":"KbNKH29DslppSOwHAA-l"}
2026-04-14T23:56:06.036Z [ERROR] [EventsGateway] Client connected without token {"clientId":"ajh7cN0rzW624O7qAA-n"}
2026-04-14T23:56:06.050Z [ERROR] [EventsGateway] Client connected without token {"clientId":"gSf8cpHLPiDWmZaiAA-p"}
2026-04-14T23:56:06.064Z [ERROR] [EventsGateway] Client connected without token {"clientId":"GXcLugkL9mC4aX-gAA-r"}
2026-04-14T23:56:06.079Z [ERROR] [EventsGateway] Client connected without token {"clientId":"VnRrq4-l-eEOX1utAA-t"}
2026-04-14T23:56:06.092Z [ERROR] [EventsGateway] Client connected without token {"clientId":"LmGRTQ40Vz6s5avFAA-v"}
2026-04-14T23:56:06.105Z [ERROR] [EventsGateway] Client connected without token {"clientId":"fzlaNQvtu0JANqnhAA-x"}
2026-04-14T23:56:06.117Z [ERROR] [EventsGateway] Client connected without token {"clientId":"TH3oJ6wUyaWkJ9jXAA-z"}
2026-04-14T23:56:06.132Z [ERROR] [EventsGateway] Client connected without token {"clientId":"IEfwUmWTu0c0SZYuAA-1"}
2026-04-14T23:56:06.147Z [ERROR] [EventsGateway] Client connected without token {"clientId":"wQTekmdrdyasB0RmAA-3"}
2026-04-14T23:56:06.161Z [ERROR] [EventsGateway] Client connected without token {"clientId":"R7ehglnYV-kI83OnAA-5"}
2026-04-14T23:56:06.175Z [ERROR] [EventsGateway] Client connected without token {"clientId":"UASzlqYJ8d_1LMpfAA-7"}
2026-04-14T23:56:06.190Z [ERROR] [EventsGateway] Client connected without token {"clientId":"3Q3j3Q2123QU027kAA-9"}
2026-04-14T23:56:06.206Z [ERROR] [EventsGateway] Client connected without token {"clientId":"RVBJq8E7utOaWEZ0AA-_"}
2026-04-14T23:56:06.218Z [ERROR] [EventsGateway] Client connected without token {"clientId":"l9gErKIX2CuuV7aqAA_B"}
2026-04-14T23:56:06.233Z [ERROR] [EventsGateway] Client connected without token {"clientId":"nKhtOQbJJFFBqVcZAA_D"}
2026-04-14T23:56:06.248Z [ERROR] [EventsGateway] Client connected without token {"clientId":"EHSXe_nOlF7xWlpMAA_F"}
2026-04-14T23:56:06.263Z [ERROR] [EventsGateway] Client connected without token {"clientId":"kRD7UKYavPoeVXykAA_H"}
2026-04-14T23:56:06.278Z [ERROR] [EventsGateway] Client connected without token {"clientId":"AxblSkK2CLBiqNphAA_J"}
2026-04-14T23:56:06.292Z [ERROR] [EventsGateway] Client connected without token {"clientId":"6CSeJVuu4v-9q-jgAA_L"}
2026-04-14T23:56:06.307Z [ERROR] [EventsGateway] Client connected without token {"clientId":"P1McUTek3nGQojv6AA_N"}
2026-04-14T23:56:06.322Z [ERROR] [EventsGateway] Client connected without token {"clientId":"CkXOXQydJXcLks2dAA_P"}
2026-04-14T23:56:06.334Z [ERROR] [EventsGateway] Client connected without token {"clientId":"9mwXKsUJ7XGKPNXvAA_R"}
2026-04-14T23:56:06.347Z [ERROR] [EventsGateway] Client connected without token {"clientId":"89ZYkOCSMngwSNs5AA_T"}
2026-04-14T23:56:06.361Z [ERROR] [EventsGateway] Client connected without token {"clientId":"8pUjw3DmgKYzPaQVAA_V"}
2026-04-14T23:56:06.375Z [ERROR] [EventsGateway] Client connected without token {"clientId":"BckKzSW-_5srSsyjAA_X"}
2026-04-14T23:56:06.389Z [ERROR] [EventsGateway] Client connected without token {"clientId":"tynXXiQPPurqt6j9AA_Z"}
2026-04-14T23:56:06.404Z [ERROR] [EventsGateway] Client connected without token {"clientId":"I4nFJdiR--Ar2eQrAA_b"}
2026-04-14T23:56:06.417Z [ERROR] [EventsGateway] Client connected without token {"clientId":"aGS15RBoMEArlT_8AA_d"}
2026-04-14T23:56:06.432Z [ERROR] [EventsGateway] Client connected without token {"clientId":"Bo1UanvwRj3jm55nAA_f"}
2026-04-14T23:56:06.446Z [ERROR] [EventsGateway] Client connected without token {"clientId":"bP4vpahGxkPiwUk0AA_h"}
2026-04-14T23:56:06.461Z [ERROR] [EventsGateway] Client connected without token {"clientId":"dE8OIzFFJsbCtBx0AA_j"}
2026-04-14T23:56:06.474Z [ERROR] [EventsGateway] Client connected without token {"clientId":"0kkDs7x3GR1XSQ5_AA_l"}
2026-04-14T23:56:06.489Z [ERROR] [EventsGateway] Client connected without token {"clientId":"NswpHHo21DvvQnQIAA_n"}
2026-04-14T23:56:06.504Z [ERROR] [EventsGateway] Client connected without token {"clientId":"qASir79PlcHiqiKhAA_p"}
2026-04-14T23:56:06.517Z [ERROR] [EventsGateway] Client connected without token {"clientId":"fKABybD0VouEXTtnAA_r"}
2026-04-14T23:56:06.532Z [ERROR] [EventsGateway] Client connected without token {"clientId":"dJO4ICKElCy6RTvpAA_t"}
2026-04-14T23:56:06.545Z [ERROR] [EventsGateway] Client connected without token {"clientId":"Ey4GAprWlo7HlHFsAA_v"}
2026-04-14T23:56:06.560Z [ERROR] [EventsGateway] Client connected without token {"clientId":"BhiSH6JQHBouQh8OAA_x"}
2026-04-14T23:56:06.574Z [ERROR] [EventsGateway] Client connected without token {"clientId":"XjSVbbaawLJ26FYoAA_z"}
2026-04-14T23:56:06.589Z [ERROR] [EventsGateway] Client connected without token {"clientId":"awYqxhZgtYxxKCTYAA_1"}
2026-04-14T23:56:06.603Z [ERROR] [EventsGateway] Client connected without token {"clientId":"ugBqnQbLczdtw3M-AA_3"}
2026-04-14T23:56:06.618Z [ERROR] [EventsGateway] Client connected without token {"clientId":"aYuhjUvTMB_kwmIuAA_5"}
2026-04-14T23:56:06.631Z [ERROR] [EventsGateway] Client connected without token {"clientId":"aUmgjogMSoaFtKtKAA_7"}
2026-04-14T23:56:06.646Z [ERROR] [EventsGateway] Client connected without token {"clientId":"v__O01Z-EKsfQSroAA_9"}
2026-04-14T23:56:06.660Z [ERROR] [EventsGateway] Client connected without token {"clientId":"LA1hlaMYfX3UfaOrAA__"}
2026-04-14T23:56:06.674Z [ERROR] [EventsGateway] Client connected without token {"clientId":"txcBrICbY4LPCfpKABAB"}
2026-04-14T23:56:06.688Z [ERROR] [EventsGateway] Client connected without token {"clientId":"onXBz2tcNxrbczBHABAD"}
2026-04-14T23:56:06.706Z [ERROR] [EventsGateway] Client connected without token {"clientId":"SvwPkHS-FV-yDbEfABAF"}
2026-04-14T23:56:06.718Z [ERROR] [EventsGateway] Client connected without token {"clientId":"tz0iL-Zfik_2HLSMABAH"}
2026-04-14T23:56:06.732Z [ERROR] [EventsGateway] Client connected without token {"clientId":"PQm7cQJiTtBwSS_gABAJ"}
2026-04-14T23:56:06.745Z [ERROR] [EventsGateway] Client connected without token {"clientId":"hOvfe3LHhD960AQmABAL"}
2026-04-14T23:56:06.758Z [ERROR] [EventsGateway] Client connected without token {"clientId":"E5RckXBjz2EHwbSaABAN"}
2026-04-14T23:56:06.772Z [ERROR] [EventsGateway] Client connected without token {"clientId":"4S8gRX55l4eIAAUwABAP"}
2026-04-14T23:56:06.785Z [ERROR] [EventsGateway] Client connected without token {"clientId":"MQwzKc0jCDl59NKMABAR"}
2026-04-14T23:56:06.799Z [ERROR] [EventsGateway] Client connected without token {"clientId":"tWV5ajBs5nthir8-ABAT"}
2026-04-14T23:56:06.813Z [ERROR] [EventsGateway] Client connected without token {"clientId":"DZLwfJC0aXZunu4NABAV"}
2026-04-14T23:56:06.827Z [ERROR] [EventsGateway] Client connected without token {"clientId":"pgCVPykmcGo3rp3PABAX"}
2026-04-14T23:56:06.840Z [ERROR] [EventsGateway] Client connected without token {"clientId":"pw_rK5-1eHK0FNPLABAZ"}
2026-04-14T23:56:06.855Z [ERROR] [EventsGateway] Client connected without token {"clientId":"7juw9lTBH6IUSiDxABAb"}
2026-04-14T23:56:06.869Z [ERROR] [EventsGateway] Client connected without token {"clientId":"DJe0u1oVYcp6SDRiABAd"}
2026-04-14T23:56:06.883Z [ERROR] [EventsGateway] Client connected without token {"clientId":"3e0NPkeLs5A9rSFvABAf"}
2026-04-14T23:56:06.897Z [ERROR] [EventsGateway] Client connected without token {"clientId":"HRtVwtnCX3a7HGqpABAh"}
2026-04-14T23:56:06.911Z [ERROR] [EventsGateway] Client connected without token {"clientId":"ap2xiQjor6Xy164fABAj"}
2026-04-14T23:56:06.925Z [ERROR] [EventsGateway] Client connected without token {"clientId":"gVCtOXAugQSyDI26ABAl"}
2026-04-14T23:56:06.939Z [ERROR] [EventsGateway] Client connected without token {"clientId":"H4g74he3iB6piCRaABAn"}
2026-04-14T23:56:06.954Z [ERROR] [EventsGateway] Client connected without token {"clientId":"mjFY4jrTz3FeyHpdABAp"}
2026-04-14T23:56:06.967Z [ERROR] [EventsGateway] Client connected without token {"clientId":"wNDUCmOhLtUu2YyyABAr"}
2026-04-14T23:56:06.980Z [ERROR] [EventsGateway] Client connected without token {"clientId":"M8hwkz4-Mvb0RggBABAt"}
2026-04-14T23:56:06.994Z [ERROR] [EventsGateway] Client connected without token {"clientId":"Wpm3FfIfQdzm8cvRABAv"}
2026-04-14T23:56:07.008Z [ERROR] [EventsGateway] Client connected without token {"clientId":"hgX6zSsR3hDf23aBABAx"}
2026-04-14T23:56:07.022Z [ERROR] [EventsGateway] Client connected without token {"clientId":"UJpVhdhDy0b5uVLFABAz"}
2026-04-14T23:56:07.036Z [ERROR] [EventsGateway] Client connected without token {"clientId":"pYBaZon8oGTjTntcABA1"}
2026-04-14T23:56:07.051Z [ERROR] [EventsGateway] Client connected without token {"clientId":"AiMzOUZSLqqfmH-oABA3"}
2026-04-14T23:56:07.064Z [ERROR] [EventsGateway] Client connected without token {"clientId":"-7NnuUIKJiiat_EQABA5"}
2026-04-14T23:56:07.077Z [ERROR] [EventsGateway] Client connected without token {"clientId":"laXX-o615pS99on_ABA7"}
2026-04-14T23:56:07.091Z [ERROR] [EventsGateway] Client connected without token {"clientId":"vKoD-w3zLYCDDIO_ABA9"}
2026-04-14T23:56:07.105Z [ERROR] [EventsGateway] Client connected without token {"clientId":"2lg_O-ORCIsQ61N9ABA_"}
2026-04-14T23:56:07.120Z [ERROR] [EventsGateway] Client connected without token {"clientId":"Xe3slpDguMeAojseABBB"}
2026-04-14T23:56:07.134Z [ERROR] [EventsGateway] Client connected without token {"clientId":"0TgCElcNRuRzMcqsABBD"}
2026-04-14T23:56:07.150Z [ERROR] [EventsGateway] Client connected without token {"clientId":"6hZszNch4qA8Me4yABBF"}
2026-04-14T23:56:07.165Z [ERROR] [EventsGateway] Client connected without token {"clientId":"rcHHUD8iLGcZ-0tZABBH"}
2026-04-14T23:56:07.180Z [ERROR] [EventsGateway] Client connected without token {"clientId":"Wz2ysaecHDUok3elABBJ"}
2026-04-14T23:56:07.194Z [ERROR] [EventsGateway] Client connected without token {"clientId":"oKAM7App5e7Y-PTcABBL"}
2026-04-14T23:56:07.207Z [ERROR] [EventsGateway] Client connected without token {"clientId":"nO-x17Na0d7nY2AiABBN"}
2026-04-14T23:56:07.222Z [ERROR] [EventsGateway] Client connected without token {"clientId":"J8TnH8sKadu3fyrvABBP"}
2026-04-14T23:56:07.237Z [ERROR] [EventsGateway] Client connected without token {"clientId":"mfoKUQIcZYtuNQ6cABBR"}
2026-04-14T23:56:07.251Z [ERROR] [EventsGateway] Client connected without token {"clientId":"aToN-lgUr8ucadkrABBT"}
2026-04-14T23:56:07.265Z [ERROR] [EventsGateway] Client connected without token {"clientId":"2NF_RVubAP9w8WfuABBV"}
2026-04-14T23:56:07.278Z [ERROR] [EventsGateway] Client connected without token {"clientId":"3j2GYmdtCyCGfc--ABBX"}
2026-04-14T23:56:07.291Z [ERROR] [EventsGateway] Client connected without token {"clientId":"Be0x1tZ1QAh7rtj3ABBZ"}
2026-04-14T23:56:07.307Z [ERROR] [EventsGateway] Client connected without token {"clientId":"DFtW9xX0taUP-SF7ABBb"}
2026-04-14T23:56:07.321Z [ERROR] [EventsGateway] Client connected without token {"clientId":"BcDCXdww0ooh1OEVABBd"}
2026-04-14T23:56:07.337Z [ERROR] [EventsGateway] Client connected without token {"clientId":"FftHdR6mLx9PIx7fABBf"}
2026-04-14T23:56:07.350Z [ERROR] [EventsGateway] Client connected without token {"clientId":"axY83mDpzz-f9SlsABBh"}
2026-04-14T23:56:07.366Z [ERROR] [EventsGateway] Client connected without token {"clientId":"mvBd9nklVTzgg3NcABBj"}
2026-04-14T23:56:07.382Z [ERROR] [EventsGateway] Client connected without token {"clientId":"DmxAig-vp9-PM9LaABBl"}
2026-04-14T23:56:07.396Z [ERROR] [EventsGateway] Client connected without token {"clientId":"3UX3f9AodrpnIonCABBn"}
2026-04-14T23:56:07.412Z [ERROR] [EventsGateway] Client connected without token {"clientId":"ronmyTN4bWY0xuJzABBp"}
2026-04-14T23:56:07.425Z [ERROR] [EventsGateway] Client connected without token {"clientId":"ItGUTdlS2DG-17EjABBr"}
2026-04-14T23:56:07.439Z [ERROR] [EventsGateway] Client connected without token {"clientId":"Ol1WseXBLQn1DMCXABBt"}
2026-04-14T23:56:07.454Z [ERROR] [EventsGateway] Client connected without token {"clientId":"1-6YUI5L8LSZ5gYwABBv"}
2026-04-14T23:56:07.467Z [ERROR] [EventsGateway] Client connected without token {"clientId":"F8HBCGSrrQy-Obp0ABBx"}
2026-04-14T23:56:07.481Z [ERROR] [EventsGateway] Client connected without token {"clientId":"xt3geomrl_joGwggABBz"}
2026-04-14T23:56:07.498Z [ERROR] [EventsGateway] Client connected without token {"clientId":"BdKZdexf8QTQRgUcABB1"}
2026-04-14T23:56:07.514Z [ERROR] [EventsGateway] Client connected without token {"clientId":"hyqixsJJddgg0AfNABB3"}
2026-04-14T23:56:07.529Z [ERROR] [EventsGateway] Client connected without token {"clientId":"SiWtlcAHZRiOH2kOABB5"}
2026-04-14T23:56:07.543Z [ERROR] [EventsGateway] Client connected without token {"clientId":"I9xW39p2GMpld_07ABB7"}
2026-04-14T23:56:07.555Z [ERROR] [EventsGateway] Client connected without token {"clientId":"8UGF19np4MGVO8AYABB9"}
2026-04-14T23:56:07.571Z [ERROR] [EventsGateway] Client connected without token {"clientId":"I-ywkNe_5xm2yYK1ABB_"}
2026-04-14T23:56:07.586Z [ERROR] [EventsGateway] Client connected without token {"clientId":"JpD7y90v-1jtvGUtABCB"}
2026-04-14T23:56:07.601Z [ERROR] [EventsGateway] Client connected without token {"clientId":"zwKn-VXZRt1zQ-QfABCD"}
2026-04-14T23:56:07.614Z [ERROR] [EventsGateway] Client connected without token {"clientId":"Yp85mGAOrjxFQAlnABCF"}
2026-04-14T23:56:07.629Z [ERROR] [EventsGateway] Client connected without token {"clientId":"WjBw1h5bkqmY1s3bABCH"}
2026-04-14T23:56:07.645Z [ERROR] [EventsGateway] Client connected without token {"clientId":"M3yAT9LDa_h1KejbABCJ"}
2026-04-14T23:56:07.658Z [ERROR] [EventsGateway] Client connected without token {"clientId":"dqrL2LqaFW1_gu84ABCL"}
2026-04-14T23:56:07.672Z [ERROR] [EventsGateway] Client connected without token {"clientId":"oISJJIlN8xpisSHnABCN"}
2026-04-14T23:56:07.686Z [ERROR] [EventsGateway] Client connected without token {"clientId":"DpLj97qbOo6HKNVDABCP"}
2026-04-14T23:56:07.698Z [ERROR] [EventsGateway] Client connected without token {"clientId":"t0UIbHYpASKp9C8CABCR"}
2026-04-14T23:56:07.714Z [ERROR] [EventsGateway] Client connected without token {"clientId":"00QNBM-59dNpGVdnABCT"}
2026-04-14T23:56:07.729Z [ERROR] [EventsGateway] Client connected without token {"clientId":"Pli6lBOxADtKn3-uABCV"}
2026-04-14T23:56:07.745Z [ERROR] [EventsGateway] Client connected without token {"clientId":"PERRrPhieIANXShCABCX"}
2026-04-14T23:56:07.759Z [ERROR] [EventsGateway] Client connected without token {"clientId":"R-uoiCUnQLPKS1cHABCZ"}
2026-04-14T23:56:07.773Z [ERROR] [EventsGateway] Client connected without token {"clientId":"NASPKGuHxuHjP_vPABCb"}
2026-04-14T23:56:07.788Z [ERROR] [EventsGateway] Client connected without token {"clientId":"e6fs2-VFmQLSYvtmABCd"}
2026-04-14T23:56:07.801Z [ERROR] [EventsGateway] Client connected without token {"clientId":"uMvWOIgWe7V8qM7sABCf"}
2026-04-14T23:56:07.814Z [ERROR] [EventsGateway] Client connected without token {"clientId":"gh28XrODvi3wVsINABCh"}
2026-04-14T23:56:07.829Z [ERROR] [EventsGateway] Client connected without token {"clientId":"53-u5vXqx5aii7RHABCj"}
2026-04-14T23:56:07.845Z [ERROR] [EventsGateway] Client connected without token {"clientId":"mQ782vaKZ0Om8x9BABCl"}
2026-04-14T23:56:07.858Z [ERROR] [EventsGateway] Client connected without token {"clientId":"mZReO3oz9d-7CcO0ABCn"}
2026-04-14T23:56:07.873Z [ERROR] [EventsGateway] Client connected without token {"clientId":"28cwN91b0EaHrSo2ABCp"}
2026-04-14T23:56:07.885Z [ERROR] [EventsGateway] Client connected without token {"clientId":"NRNMEl0GosP0JKD7ABCr"}
2026-04-14T23:56:07.900Z [ERROR] [EventsGateway] Client connected without token {"clientId":"fU_jyGE7T9yRvCY-ABCt"}
2026-04-14T23:56:07.915Z [ERROR] [EventsGateway] Client connected without token {"clientId":"Xu38oxUfELpHecUKABCv"}
2026-04-14T23:56:07.927Z [ERROR] [EventsGateway] Client connected without token {"clientId":"INl_7frM9EmNsWQWABCx"}
2026-04-14T23:56:07.941Z [ERROR] [EventsGateway] Client connected without token {"clientId":"6lyFHZOd_KspRFnnABCz"}
2026-04-14T23:56:07.956Z [ERROR] [EventsGateway] Client connected without token {"clientId":"MhwChOBvJUDg4_QRABC1"}
2026-04-14T23:56:07.973Z [ERROR] [EventsGateway] Client connected without token {"clientId":"r4VM0d_yjSIDFn28ABC3"}
2026-04-14T23:56:07.988Z [ERROR] [EventsGateway] Client connected without token {"clientId":"LIibwUxyBL8kuo5TABC5"}
2026-04-14T23:56:08.002Z [ERROR] [EventsGateway] Client connected without token {"clientId":"r6ZktSyQfK_kcE5VABC7"}
2026-04-14T23:56:08.014Z [ERROR] [EventsGateway] Client connected without token {"clientId":"Xh23tRnncKIimS8ZABC9"}
2026-04-14T23:56:08.028Z [ERROR] [EventsGateway] Client connected without token {"clientId":"5SyPMrQEur6v0alCABC_"}
2026-04-14T23:56:08.043Z [ERROR] [EventsGateway] Client connected without token {"clientId":"ETYje_ZhzR4uEjVhABDB"}
2026-04-14T23:56:08.058Z [ERROR] [EventsGateway] Client connected without token {"clientId":"P21zdBkFTFUrJhiKABDD"}
2026-04-14T23:56:08.072Z [ERROR] [EventsGateway] Client connected without token {"clientId":"h52U1ECc6eJ_kTfiABDF"}
2026-04-14T23:56:08.088Z [ERROR] [EventsGateway] Client connected without token {"clientId":"2vf9-1_T5pGQZ5pHABDH"}
2026-04-14T23:56:08.103Z [ERROR] [EventsGateway] Client connected without token {"clientId":"zuVNNijug4I_XuRbABDJ"}
2026-04-14T23:56:08.118Z [ERROR] [EventsGateway] Client connected without token {"clientId":"2tI1HPme12QyRp7fABDL"}
2026-04-14T23:56:08.131Z [ERROR] [EventsGateway] Client connected without token {"clientId":"Q18ea06kZaSgVUJfABDN"}
2026-04-14T23:56:08.147Z [ERROR] [EventsGateway] Client connected without token {"clientId":"dZPeKl8P7VloTjcLABDP"}
2026-04-14T23:56:08.161Z [ERROR] [EventsGateway] Client connected without token {"clientId":"aDL9lHUGJF4gzrIrABDR"}
2026-04-14T23:56:08.175Z [ERROR] [EventsGateway] Client connected without token {"clientId":"sRM5ruLtwCew1A6FABDT"}
2026-04-14T23:56:08.191Z [ERROR] [EventsGateway] Client connected without token {"clientId":"VWTD65R7YDZtCPWrABDV"}
2026-04-14T23:56:08.208Z [ERROR] [EventsGateway] Client connected without token {"clientId":"877afFdrObdmdOQWABDX"}
2026-04-14T23:56:08.225Z [ERROR] [EventsGateway] Client connected without token {"clientId":"uWGpO1x-pYagkpL8ABDZ"}
2026-04-14T23:56:08.242Z [ERROR] [EventsGateway] Client connected without token {"clientId":"Zv7GkC-f7r9Z0VnnABDb"}
2026-04-14T23:56:08.257Z [ERROR] [EventsGateway] Client connected without token {"clientId":"bgffiYIB-ZEnanVjABDd"}
2026-04-14T23:56:08.275Z [ERROR] [EventsGateway] Client connected without token {"clientId":"uh99R13_EGBvu0EcABDf"}
2026-04-14T23:56:08.291Z [ERROR] [EventsGateway] Client connected without token {"clientId":"7pGjBNzLfYBcFSA3ABDh"}
2026-04-14T23:56:08.308Z [ERROR] [EventsGateway] Client connected without token {"clientId":"J2Z1mbbh_P8UML-0ABDj"}
2026-04-14T23:56:08.325Z [ERROR] [EventsGateway] Client connected without token {"clientId":"qy79SjcUjCguQHd3ABDl"}
2026-04-14T23:56:08.341Z [ERROR] [EventsGateway] Client connected without token {"clientId":"waRXQlGaEsYF9hGuABDn"}
2026-04-14T23:56:08.357Z [ERROR] [EventsGateway] Client connected without token {"clientId":"NSq5-kLRNl-KiPvbABDp"}
2026-04-14T23:56:08.375Z [ERROR] [EventsGateway] Client connected without token {"clientId":"Cfh-BMaBHUdzZ2WQABDr"}
2026-04-14T23:56:08.390Z [ERROR] [EventsGateway] Client connected without token {"clientId":"EJU_6GfB_OCjqtxqABDt"}
2026-04-14T23:56:08.412Z [ERROR] [EventsGateway] Client connected without token {"clientId":"xccf5vUUSMk8ko-bABDv"}
2026-04-14T23:56:08.424Z [ERROR] [EventsGateway] Client connected without token {"clientId":"PgOjDGDFN-z9ZdqGABDx"}
2026-04-14T23:56:08.440Z [ERROR] [EventsGateway] Client connected without token {"clientId":"i07oynZnmdVIjJG-ABDz"}
2026-04-14T23:56:08.456Z [ERROR] [EventsGateway] Client connected without token {"clientId":"FN2Mdhy0yjnjq8ONABD1"}
2026-04-14T23:56:08.470Z [ERROR] [EventsGateway] Client connected without token {"clientId":"uMU3Lu2S6p1P04s7ABD3"}
2026-04-14T23:56:08.482Z [ERROR] [EventsGateway] Client connected without token {"clientId":"ZiKs5oHic6VeB95dABD5"}
2026-04-14T23:56:08.498Z [ERROR] [EventsGateway] Client connected without token {"clientId":"72aNenCzN8zxNy-1ABD7"}
2026-04-14T23:56:08.512Z [ERROR] [EventsGateway] Client connected without token {"clientId":"TG0sB-2oRZLRl9LeABD9"}
2026-04-14T23:56:08.525Z [ERROR] [EventsGateway] Client connected without token {"clientId":"GZKv_j8K9VV7iY2QABD_"}
2026-04-14T23:56:08.541Z [ERROR] [EventsGateway] Client connected without token {"clientId":"SlvwdE5PJApBlmafABEB"}
2026-04-14T23:56:08.556Z [ERROR] [EventsGateway] Client connected without token {"clientId":"XLIyE9zVoFk7XLuqABED"}
2026-04-14T23:56:08.571Z [ERROR] [EventsGateway] Client connected without token {"clientId":"VpxNu8RS_JunXAK2ABEF"}
2026-04-14T23:56:08.585Z [ERROR] [EventsGateway] Client connected without token {"clientId":"qp6bVA6ziD54MzwYABEH"}
2026-04-14T23:56:08.601Z [ERROR] [EventsGateway] Client connected without token {"clientId":"5ukNWzbHYoLh_epkABEJ"}
2026-04-14T23:56:08.614Z [ERROR] [EventsGateway] Client connected without token {"clientId":"otzfYZicjNrkZwyYABEL"}
2026-04-14T23:56:08.630Z [ERROR] [EventsGateway] Client connected without token {"clientId":"G7hGtEMtHTI6ncseABEN"}
2026-04-14T23:56:08.647Z [ERROR] [EventsGateway] Client connected without token {"clientId":"Dzx3CTlvE3dctsFaABEP"}
2026-04-14T23:56:08.658Z [ERROR] [EventsGateway] Client connected without token {"clientId":"k-X5Tu5RWH7baPjvABER"}
2026-04-14T23:56:08.674Z [ERROR] [EventsGateway] Client connected without token {"clientId":"aVWoSmL1Gu8Lw9sWABET"}
2026-04-14T23:56:08.688Z [ERROR] [EventsGateway] Client connected without token {"clientId":"MOV14A-S92on0Un7ABEV"}
2026-04-14T23:56:08.702Z [ERROR] [EventsGateway] Client connected without token {"clientId":"-qA5qQDoLGikXndVABEX"}
2026-04-14T23:56:08.715Z [ERROR] [EventsGateway] Client connected without token {"clientId":"CbIc3h_FXoV3WT5PABEZ"}
2026-04-14T23:56:08.730Z [ERROR] [EventsGateway] Client connected without token {"clientId":"eW2TvkqtraY9b848ABEb"}
2026-04-14T23:56:08.785Z [ERROR] [EventsGateway] Client connected without token {"clientId":"ZqeijeRMaQIgtW0NABEd"}
2026-04-14T23:56:08.801Z [ERROR] [EventsGateway] Client connected without token {"clientId":"NSwuM8Yp9b-zele5ABEf"}
2026-04-14T23:56:08.814Z [ERROR] [EventsGateway] Client connected without token {"clientId":"2bvgR177tPFBmZNEABEh"}
2026-04-14T23:56:08.829Z [ERROR] [EventsGateway] Client connected without token {"clientId":"DdmoZxh6T7BNgto3ABEj"}
2026-04-14T23:56:08.841Z [ERROR] [EventsGateway] Client connected without token {"clientId":"LRB1jGQZFfPrfU12ABEl"}
2026-04-14T23:56:08.856Z [ERROR] [EventsGateway] Client connected without token {"clientId":"Rt00wSeoXd06waTsABEn"}
2026-04-14T23:56:08.869Z [ERROR] [EventsGateway] Client connected without token {"clientId":"dkwF6IIH6awO_pAiABEp"}
2026-04-14T23:56:08.884Z [ERROR] [EventsGateway] Client connected without token {"clientId":"GZF_47LAOFJ2N09-ABEr"}
2026-04-14T23:56:08.899Z [ERROR] [EventsGateway] Client connected without token {"clientId":"rMv3CmKnPm14lOhiABEt"}
2026-04-14T23:56:08.915Z [ERROR] [EventsGateway] Client connected without token {"clientId":"p4v6GJ3Fe01M2ccQABEv"}
2026-04-14T23:56:08.930Z [ERROR] [EventsGateway] Client connected without token {"clientId":"vjeOvnkA0e5YiKkOABEx"}
2026-04-14T23:56:08.945Z [ERROR] [EventsGateway] Client connected without token {"clientId":"zeyPH9uHTxI8BAKsABEz"}
2026-04-14T23:56:08.959Z [ERROR] [EventsGateway] Client connected without token {"clientId":"R54B9D5em6KiXy9DABE1"}
2026-04-14T23:56:08.973Z [ERROR] [EventsGateway] Client connected without token {"clientId":"Tl1PysFkXTyxYgtnABE3"}
2026-04-14T23:56:08.988Z [ERROR] [EventsGateway] Client connected without token {"clientId":"orq2CmnK67ARFslkABE5"}
2026-04-14T23:56:09.001Z [ERROR] [EventsGateway] Client connected without token {"clientId":"yHlDYmW5wBfHdEVRABE7"}
2026-04-14T23:56:09.015Z [ERROR] [EventsGateway] Client connected without token {"clientId":"eFsdxwXJphha3UAGABE9"}
2026-04-14T23:56:09.031Z [ERROR] [EventsGateway] Client connected without token {"clientId":"x5ji2-dLJSdUttOoABE_"}
2026-04-14T23:56:09.046Z [ERROR] [EventsGateway] Client connected without token {"clientId":"k8vYnV_fpplmyziBABFB"}
2026-04-14T23:56:09.059Z [ERROR] [EventsGateway] Client connected without token {"clientId":"KfxbXvo-JAX8n3TJABFD"}
2026-04-14T23:56:09.072Z [ERROR] [EventsGateway] Client connected without token {"clientId":"m2d8RZDUZr7A8_aMABFF"}
2026-04-14T23:56:09.087Z [ERROR] [EventsGateway] Client connected without token {"clientId":"4LCtXiFDzafAYiFpABFH"}
2026-04-14T23:56:09.101Z [ERROR] [EventsGateway] Client connected without token {"clientId":"dSOdkW8jt-5yNY1pABFJ"}
2026-04-14T23:56:09.114Z [ERROR] [EventsGateway] Client connected without token {"clientId":"pAUhzw7yV-f7EyoRABFL"}
2026-04-14T23:56:09.130Z [ERROR] [EventsGateway] Client connected without token {"clientId":"4iAM0GGeLuKdFurjABFN"}
2026-04-14T23:56:09.142Z [ERROR] [EventsGateway] Client connected without token {"clientId":"8fkbLhihRwILrWBfABFP"}
2026-04-14T23:56:09.156Z [ERROR] [EventsGateway] Client connected without token {"clientId":"7vxUugvur9dotZfMABFR"}
2026-04-14T23:56:09.171Z [ERROR] [EventsGateway] Client connected without token {"clientId":"RJKOgm-KAOxmtAg5ABFT"}
2026-04-14T23:56:09.184Z [ERROR] [EventsGateway] Client connected without token {"clientId":"x_RbKKjKtr5R1-RJABFV"}
2026-04-14T23:56:09.198Z [ERROR] [EventsGateway] Client connected without token {"clientId":"-1YcfvIxpsOOjI7BABFX"}
2026-04-14T23:56:09.214Z [ERROR] [EventsGateway] Client connected without token {"clientId":"U_XuUOb9d3hv3DYOABFZ"}
2026-04-14T23:56:09.226Z [ERROR] [EventsGateway] Client connected without token {"clientId":"-p1mYNNwe0ZUQJYfABFb"}
2026-04-14T23:56:09.239Z [ERROR] [EventsGateway] Client connected without token {"clientId":"TvZX_JNhfPxo_PnOABFd"}
2026-04-14T23:56:09.254Z [ERROR] [EventsGateway] Client connected without token {"clientId":"R2UpgdQRPYfruni4ABFf"}
2026-04-14T23:56:09.267Z [ERROR] [EventsGateway] Client connected without token {"clientId":"wW4PekDQer-7Dff2ABFh"}
2026-04-14T23:56:09.285Z [ERROR] [EventsGateway] Client connected without token {"clientId":"PVXsiqOF0Ma6fwOGABFj"}
2026-04-14T23:56:09.297Z [ERROR] [EventsGateway] Client connected without token {"clientId":"KDa8k8q4JBrKB8mvABFl"}
2026-04-14T23:56:09.311Z [ERROR] [EventsGateway] Client connected without token {"clientId":"0Janx4jlTSIiawfLABFn"}
2026-04-14T23:56:09.324Z [ERROR] [EventsGateway] Client connected without token {"clientId":"OXgrBT6hjfKikuVlABFp"}
2026-04-14T23:56:09.338Z [ERROR] [EventsGateway] Client connected without token {"clientId":"OmLwa3XsXrdaUt_eABFr"}
2026-04-14T23:56:09.353Z [ERROR] [EventsGateway] Client connected without token {"clientId":"eyYP3J1iwQjr0Ib9ABFt"}
2026-04-14T23:56:09.368Z [ERROR] [EventsGateway] Client connected without token {"clientId":"LLfnw2qlLNyDcm4oABFv"}
2026-04-14T23:56:09.384Z [ERROR] [EventsGateway] Client connected without token {"clientId":"0GFY0o0LA52Ir3YHABFx"}
2026-04-14T23:56:09.399Z [ERROR] [EventsGateway] Client connected without token {"clientId":"JjB4UC5Rk6fwOeVyABFz"}
2026-04-14T23:56:09.414Z [ERROR] [EventsGateway] Client connected without token {"clientId":"0rYGNu0eCbfmE9yZABF1"}
2026-04-14T23:56:09.430Z [ERROR] [EventsGateway] Client connected without token {"clientId":"Jfsa6Dx_zx03K-VWABF3"}
2026-04-14T23:56:09.444Z [ERROR] [EventsGateway] Client connected without token {"clientId":"-CmXBhuhrduxA3EQABF5"}
2026-04-14T23:56:09.459Z [ERROR] [EventsGateway] Client connected without token {"clientId":"Qq1i4X3FgOie2xRkABF7"}
2026-04-14T23:56:09.474Z [ERROR] [EventsGateway] Client connected without token {"clientId":"Os36XzpBXiSbu_mPABF9"}
2026-04-14T23:56:09.492Z [ERROR] [EventsGateway] Client connected without token {"clientId":"GH-kRnQNdRTTCsKcABF_"}
2026-04-14T23:56:09.506Z [ERROR] [EventsGateway] Client connected without token {"clientId":"fQGILRQiZkg7-KVXABGB"}
2026-04-14T23:56:09.522Z [ERROR] [EventsGateway] Client connected without token {"clientId":"wVNSEOAossgkDPCFABGD"}
2026-04-14T23:56:09.535Z [ERROR] [EventsGateway] Client connected without token {"clientId":"XfWJizmwsAI90-G7ABGF"}
2026-04-14T23:56:09.548Z [ERROR] [EventsGateway] Client connected without token {"clientId":"1bfztSPWTMX7hoiIABGH"}
2026-04-14T23:56:09.562Z [ERROR] [EventsGateway] Client connected without token {"clientId":"toj7BQVdMJv94H3pABGJ"}
2026-04-14T23:56:09.574Z [ERROR] [EventsGateway] Client connected without token {"clientId":"cLNmBWRgbfQgPjf2ABGL"}
2026-04-14T23:56:09.590Z [ERROR] [EventsGateway] Client connected without token {"clientId":"EUIOsEToLTv7Ek-GABGN"}
2026-04-14T23:56:09.605Z [ERROR] [EventsGateway] Client connected without token {"clientId":"NWAKboiYB48YfcucABGP"}
2026-04-14T23:56:09.617Z [ERROR] [EventsGateway] Client connected without token {"clientId":"7kaRIwNu02k2dzZ4ABGR"}
2026-04-14T23:56:09.631Z [ERROR] [EventsGateway] Client connected without token {"clientId":"_nOkTpxb4e_B-AuMABGT"}
2026-04-14T23:56:09.645Z [ERROR] [EventsGateway] Client connected without token {"clientId":"BsZ8TL4l46itEBECABGV"}
2026-04-14T23:56:09.659Z [ERROR] [EventsGateway] Client connected without token {"clientId":"3TlMEK8Yqa-jhzSmABGX"}
2026-04-14T23:56:09.672Z [ERROR] [EventsGateway] Client connected without token {"clientId":"DIvmWXCRshxNZqFoABGZ"}
2026-04-14T23:56:09.689Z [ERROR] [EventsGateway] Client connected without token {"clientId":"QJbq2EuziJRBe1ttABGb"}
2026-04-14T23:56:09.702Z [ERROR] [EventsGateway] Client connected without token {"clientId":"NZYXo1o4xnAoHeOVABGd"}
2026-04-14T23:56:09.717Z [ERROR] [EventsGateway] Client connected without token {"clientId":"eTzLQhpAmYB0anqxABGf"}
2026-04-14T23:56:09.738Z [ERROR] [EventsGateway] Client connected without token {"clientId":"UhTm7StQA65NPx2dABGh"}
2026-04-14T23:56:09.750Z [ERROR] [EventsGateway] Client connected without token {"clientId":"KZ7ATd_mpzZL-Bo9ABGj"}
2026-04-14T23:56:09.764Z [ERROR] [EventsGateway] Client connected without token {"clientId":"4N2VswaWaBtTgpO4ABGl"}
2026-04-14T23:56:09.779Z [ERROR] [EventsGateway] Client connected without token {"clientId":"TY1jfJBgQ2HAJx4OABGn"}
2026-04-14T23:56:09.791Z [ERROR] [EventsGateway] Client connected without token {"clientId":"c5KpGT7y_xwOlb5ZABGp"}
2026-04-14T23:56:09.806Z [ERROR] [EventsGateway] Client connected without token {"clientId":"RiW-AcreL395f_Q7ABGr"}
2026-04-14T23:56:09.819Z [ERROR] [EventsGateway] Client connected without token {"clientId":"xx7LPm9H2xBg4E_nABGt"}
2026-04-14T23:56:09.834Z [ERROR] [EventsGateway] Client connected without token {"clientId":"Gm_HY_VGy35kpEh8ABGv"}
2026-04-14T23:56:09.848Z [ERROR] [EventsGateway] Client connected without token {"clientId":"h6yYDtl-SjctVqSEABGx"}
2026-04-14T23:56:09.862Z [ERROR] [EventsGateway] Client connected without token {"clientId":"FAx22jaxuG1CiNVZABGz"}
2026-04-14T23:56:09.874Z [ERROR] [EventsGateway] Client connected without token {"clientId":"OE-u4mtQutOU-2cMABG1"}
2026-04-14T23:56:09.889Z [ERROR] [EventsGateway] Client connected without token {"clientId":"oO_Wei8ua0R70ji8ABG3"}
2026-04-14T23:56:09.905Z [ERROR] [EventsGateway] Client connected without token {"clientId":"C6yHJy4M0j6Zl06ZABG5"}
2026-04-14T23:56:09.918Z [ERROR] [EventsGateway] Client connected without token {"clientId":"KdzEfIfm0Lu9yMWiABG7"}
2026-04-14T23:56:09.932Z [ERROR] [EventsGateway] Client connected without token {"clientId":"q-TPOGh1BMXbu9I1ABG9"}
2026-04-14T23:56:09.948Z [ERROR] [EventsGateway] Client connected without token {"clientId":"_8aAmqziZzIJVMLGABG_"}
2026-04-14T23:56:09.963Z [ERROR] [EventsGateway] Client connected without token {"clientId":"8s7JAVtDY9mX2FX2ABHB"}
2026-04-14T23:56:09.979Z [ERROR] [EventsGateway] Client connected without token {"clientId":"Nqp3ndAbZydehLv5ABHD"}
2026-04-14T23:56:09.992Z [ERROR] [EventsGateway] Client connected without token {"clientId":"R-J7ScTmOAevefhUABHF"}
2026-04-14T23:56:10.005Z [ERROR] [EventsGateway] Client connected without token {"clientId":"HCV40wOexHOgy3YyABHH"}
2026-04-14T23:56:10.020Z [ERROR] [EventsGateway] Client connected without token {"clientId":"15PzeleZCYJKjn5EABHJ"}
2026-04-14T23:56:10.033Z [ERROR] [EventsGateway] Client connected without token {"clientId":"teftVzmD1VRg_m23ABHL"}
2026-04-14T23:56:10.048Z [ERROR] [EventsGateway] Client connected without token {"clientId":"zijwR546EBDErPYYABHN"}
2026-04-14T23:56:10.063Z [ERROR] [EventsGateway] Client connected without token {"clientId":"FjNyi3hwUlHy215TABHP"}
2026-04-14T23:56:10.077Z [ERROR] [EventsGateway] Client connected without token {"clientId":"0TTKcIYYj48mlj6_ABHR"}
2026-04-14T23:56:10.092Z [ERROR] [EventsGateway] Client connected without token {"clientId":"N6kGHEw6wsoU6CMRABHT"}
2026-04-14T23:56:10.105Z [ERROR] [EventsGateway] Client connected without token {"clientId":"limGZb5yjto4LfScABHV"}
2026-04-14T23:56:10.119Z [ERROR] [EventsGateway] Client connected without token {"clientId":"5lXSY_7cJaeVjmZbABHX"}
2026-04-14T23:56:10.133Z [ERROR] [EventsGateway] Client connected without token {"clientId":"xm_3IQgzLOzp5t8nABHZ"}
2026-04-14T23:56:10.148Z [ERROR] [EventsGateway] Client connected without token {"clientId":"9i3iFwXCp0ezKwxXABHb"}
2026-04-14T23:56:10.161Z [ERROR] [EventsGateway] Client connected without token {"clientId":"ijhz8O6M4M4_0RGNABHd"}
2026-04-14T23:56:10.174Z [ERROR] [EventsGateway] Client connected without token {"clientId":"fL_pQtqNtJ4grtWjABHf"}
2026-04-14T23:56:10.189Z [ERROR] [EventsGateway] Client connected without token {"clientId":"PJjjyLu_PJOqQC9NABHh"}
2026-04-14T23:56:10.202Z [ERROR] [EventsGateway] Client connected without token {"clientId":"qS-rCJKqtrcOlf6eABHj"}
2026-04-14T23:56:10.215Z [ERROR] [EventsGateway] Client connected without token {"clientId":"Pr0fBYHHgmfDVyLQABHl"}
2026-04-14T23:56:10.231Z [ERROR] [EventsGateway] Client connected without token {"clientId":"C2vBW_LfJFAlCcteABHn"}
2026-04-14T23:56:10.246Z [ERROR] [EventsGateway] Client connected without token {"clientId":"dn6wAZght6JvD4H6ABHp"}
2026-04-14T23:56:10.259Z [ERROR] [EventsGateway] Client connected without token {"clientId":"0V8vT_KdzmCKEO85ABHr"}
2026-04-14T23:56:10.287Z [ERROR] [EventsGateway] Client connected without token {"clientId":"7W91qL4xNXhAdBXbABHt"}
2026-04-14T23:56:10.299Z [ERROR] [EventsGateway] Client connected without token {"clientId":"yz8NXOmcnizL0BHFABHv"}
2026-04-14T23:56:10.314Z [ERROR] [EventsGateway] Client connected without token {"clientId":"bzjEwtVQHM7i-c_xABHx"}
2026-04-14T23:56:10.328Z [ERROR] [EventsGateway] Client connected without token {"clientId":"9BfCGs9Hm2oh4vNyABHz"}
2026-04-14T23:56:10.340Z [ERROR] [EventsGateway] Client connected without token {"clientId":"m4Q5x7Fi0fcERjb_ABH1"}
2026-04-14T23:56:10.355Z [ERROR] [EventsGateway] Client connected without token {"clientId":"tSh0zYBcGCN2tx_EABH3"}
2026-04-14T23:56:10.368Z [ERROR] [EventsGateway] Client connected without token {"clientId":"aaz4A1AuMI8nfxyPABH5"}
2026-04-14T23:56:10.381Z [ERROR] [EventsGateway] Client connected without token {"clientId":"_iJ-OZ5dTRdcFjzYABH7"}
2026-04-14T23:56:10.395Z [ERROR] [EventsGateway] Client connected without token {"clientId":"z1-KPzklkXdn7pmUABH9"}
2026-04-14T23:56:10.410Z [ERROR] [EventsGateway] Client connected without token {"clientId":"_j9iXl_UzofnAzn1ABH_"}
2026-04-14T23:56:10.425Z [ERROR] [EventsGateway] Client connected without token {"clientId":"dt7uK2VpXSkGkcJGABIB"}
2026-04-14T23:56:10.438Z [ERROR] [EventsGateway] Client connected without token {"clientId":"eNxzdmScMarS8CO5ABID"}
2026-04-14T23:56:10.452Z [ERROR] [EventsGateway] Client connected without token {"clientId":"TL72rkHtlL4va15xABIF"}
2026-04-14T23:56:10.468Z [ERROR] [EventsGateway] Client connected without token {"clientId":"YmLjAYntMU502Qu6ABIH"}
2026-04-14T23:56:10.480Z [ERROR] [EventsGateway] Client connected without token {"clientId":"4vpAxcq7-GjyrWLFABIJ"}
2026-04-14T23:56:10.492Z [ERROR] [EventsGateway] Client connected without token {"clientId":"B8tJ-fQPjJe5RSAwABIL"}
2026-04-14T23:56:10.508Z [ERROR] [EventsGateway] Client connected without token {"clientId":"a20cBcRgTlvHkdyQABIN"}
2026-04-14T23:56:10.530Z [ERROR] [EventsGateway] Client connected without token {"clientId":"oue1e-B16RiB1qosABIP"}
2026-04-14T23:56:10.539Z [ERROR] [EventsGateway] Client connected without token {"clientId":"T2qTZQRwm0IIOL2FABIR"}
2026-04-14T23:56:10.552Z [ERROR] [EventsGateway] Client connected without token {"clientId":"L64fuvEoxU2sdaCtABIT"}
2026-04-14T23:56:10.567Z [ERROR] [EventsGateway] Client connected without token {"clientId":"JphCIffy3YkwVvH5ABIV"}
2026-04-14T23:56:10.583Z [ERROR] [EventsGateway] Client connected without token {"clientId":"oK6QNPM6iKb62iWuABIX"}
2026-04-14T23:56:10.598Z [ERROR] [EventsGateway] Client connected without token {"clientId":"3GgdGjsl-wxuUEqnABIZ"}
2026-04-14T23:56:10.612Z [ERROR] [EventsGateway] Client connected without token {"clientId":"IGMSzeNyrEY8gotAABIb"}
2026-04-14T23:56:10.627Z [ERROR] [EventsGateway] Client connected without token {"clientId":"aNr9jpSLjiPk56m3ABId"}
2026-04-14T23:56:10.642Z [ERROR] [EventsGateway] Client connected without token {"clientId":"vlgxeCRo50hTL4_lABIf"}
2026-04-14T23:56:10.655Z [ERROR] [EventsGateway] Client connected without token {"clientId":"I87R_EjFW1ATrJwJABIh"}
2026-04-14T23:56:10.668Z [ERROR] [EventsGateway] Client connected without token {"clientId":"bc_pgaCBBkAsfE73ABIj"}
2026-04-14T23:56:10.682Z [ERROR] [EventsGateway] Client connected without token {"clientId":"VVRbamCSB25kR3EWABIl"}
2026-04-14T23:56:10.697Z [ERROR] [EventsGateway] Client connected without token {"clientId":"rH-2qeQonGO_N5eQABIn"}
2026-04-14T23:56:10.711Z [ERROR] [EventsGateway] Client connected without token {"clientId":"LHVj4TiIwFykaPB5ABIp"}
2026-04-14T23:56:10.723Z [ERROR] [EventsGateway] Client connected without token {"clientId":"VGMvP9ZI2prEn04xABIr"}
2026-04-14T23:56:10.738Z [ERROR] [EventsGateway] Client connected without token {"clientId":"wqINeIO_Jv0CgveWABIt"}
2026-04-14T23:56:10.752Z [ERROR] [EventsGateway] Client connected without token {"clientId":"ekKOr1m5SqvNTJwAABIv"}
2026-04-14T23:56:10.767Z [ERROR] [EventsGateway] Client connected without token {"clientId":"aVAcfg6KvFW15OREABIx"}
2026-04-14T23:56:10.779Z [ERROR] [EventsGateway] Client connected without token {"clientId":"ZyfJPhpTuogdYRVNABIz"}
2026-04-14T23:56:10.794Z [ERROR] [EventsGateway] Client connected without token {"clientId":"DOmYVlYreTOTrOJ1ABI1"}
2026-04-14T23:56:10.807Z [ERROR] [EventsGateway] Client connected without token {"clientId":"feagYtaWnIVcN6C2ABI3"}
2026-04-14T23:56:10.821Z [ERROR] [EventsGateway] Client connected without token {"clientId":"qE-RvLpQmGW9tnMaABI5"}
2026-04-14T23:56:10.836Z [ERROR] [EventsGateway] Client connected without token {"clientId":"T40piyrn4YC7ADhQABI7"}
2026-04-14T23:56:10.851Z [ERROR] [EventsGateway] Client connected without token {"clientId":"CdQDy2T6nJfuOtz9ABI9"}
2026-04-14T23:56:10.864Z [ERROR] [EventsGateway] Client connected without token {"clientId":"yTolZjrtZYviRdtEABI_"}
2026-04-14T23:56:10.877Z [ERROR] [EventsGateway] Client connected without token {"clientId":"4xXcY4jd0NXu4MxkABJB"}
2026-04-14T23:56:10.890Z [ERROR] [EventsGateway] Client connected without token {"clientId":"XvbZ4LbOUdz_sQXsABJD"}
2026-04-14T23:56:10.903Z [ERROR] [EventsGateway] Client connected without token {"clientId":"EJFhXjD3u6dByiIRABJF"}
2026-04-14T23:56:10.918Z [ERROR] [EventsGateway] Client connected without token {"clientId":"1oUs-SfR-sVag8fIABJH"}
2026-04-14T23:56:10.931Z [ERROR] [EventsGateway] Client connected without token {"clientId":"Dp4DNpOkS-TCE9TGABJJ"}
2026-04-14T23:56:10.945Z [ERROR] [EventsGateway] Client connected without token {"clientId":"s3QuW25TpLwvDMMYABJL"}
2026-04-14T23:56:10.959Z [ERROR] [EventsGateway] Client connected without token {"clientId":"PYpUysAy7Ozl8ZQQABJN"}
2026-04-14T23:56:10.973Z [ERROR] [EventsGateway] Client connected without token {"clientId":"HuPATO-pWgfS7D4vABJP"}
2026-04-14T23:56:10.987Z [ERROR] [EventsGateway] Client connected without token {"clientId":"LHblxMTMsHhR3jJ0ABJR"}
2026-04-14T23:56:11.000Z [ERROR] [EventsGateway] Client connected without token {"clientId":"WYcu6n1CpKvYqUjFABJT"}
2026-04-14T23:56:11.014Z [ERROR] [EventsGateway] Client connected without token {"clientId":"aIjxMlThCeGL2XoZABJV"}
2026-04-14T23:56:11.029Z [ERROR] [EventsGateway] Client connected without token {"clientId":"K74dv9rWy3vPEy36ABJX"}
2026-04-14T23:56:11.043Z [ERROR] [EventsGateway] Client connected without token {"clientId":"yhRQU5HAC7uGanJWABJZ"}
2026-04-14T23:56:11.058Z [ERROR] [EventsGateway] Client connected without token {"clientId":"dLnM4PlIMS5h9RGWABJb"}
2026-04-14T23:56:11.072Z [ERROR] [EventsGateway] Client connected without token {"clientId":"z6Jng239Jng384psABJd"}
2026-04-14T23:56:11.086Z [ERROR] [EventsGateway] Client connected without token {"clientId":"-Q0Q1fwvqgKS0l10ABJf"}
2026-04-14T23:56:11.100Z [ERROR] [EventsGateway] Client connected without token {"clientId":"otkcu02Gdmo3dm1OABJh"}
2026-04-14T23:56:11.114Z [ERROR] [EventsGateway] Client connected without token {"clientId":"0ZITEsPTe49LrC0IABJj"}
2026-04-14T23:56:11.129Z [ERROR] [EventsGateway] Client connected without token {"clientId":"fBqljMATgEjmqWp4ABJl"}
2026-04-14T23:56:11.144Z [ERROR] [EventsGateway] Client connected without token {"clientId":"gZ1-vaZQNxGTIXUKABJn"}
2026-04-14T23:56:11.158Z [ERROR] [EventsGateway] Client connected without token {"clientId":"7Hx8HWkDHEKw2eohABJp"}
2026-04-14T23:56:11.171Z [ERROR] [EventsGateway] Client connected without token {"clientId":"GqeuGo7Pes1B-dWqABJr"}
2026-04-14T23:56:11.186Z [ERROR] [EventsGateway] Client connected without token {"clientId":"ygj9wdjhVeIqweCHABJt"}
2026-04-14T23:56:11.198Z [ERROR] [EventsGateway] Client connected without token {"clientId":"Kmh5F8LVX1RrAvPxABJv"}
2026-04-14T23:56:11.213Z [ERROR] [EventsGateway] Client connected without token {"clientId":"YHyXU1KF80d8S0LIABJx"}
2026-04-14T23:56:11.227Z [ERROR] [EventsGateway] Client connected without token {"clientId":"HsnOYFDDgZvop1NXABJz"}
2026-04-14T23:56:11.239Z [ERROR] [EventsGateway] Client connected without token {"clientId":"t0lM6F6qKF9kBe4_ABJ1"}
2026-04-14T23:56:11.254Z [ERROR] [EventsGateway] Client connected without token {"clientId":"JCZqpuqW84lSWc0ZABJ3"}
2026-04-14T23:56:11.269Z [ERROR] [EventsGateway] Client connected without token {"clientId":"wIR1RtObr8jh-CTWABJ5"}
2026-04-14T23:56:11.284Z [ERROR] [EventsGateway] Client connected without token {"clientId":"bL7T98dMwkerknuBABJ7"}
2026-04-14T23:56:11.298Z [ERROR] [EventsGateway] Client connected without token {"clientId":"Dm2J9ZVoRnWz7Z2_ABJ9"}
2026-04-14T23:56:11.312Z [ERROR] [EventsGateway] Client connected without token {"clientId":"776duHrxkr3LBvGJABJ_"}
2026-04-14T23:56:11.326Z [ERROR] [EventsGateway] Client connected without token {"clientId":"hsDU26zNEwtcdodyABKB"}
2026-04-14T23:56:11.338Z [ERROR] [EventsGateway] Client connected without token {"clientId":"fCCOFvPkkkUdC11TABKD"}
2026-04-14T23:56:11.353Z [ERROR] [EventsGateway] Client connected without token {"clientId":"fOXZQsbPm0Lcugp-ABKF"}
2026-04-14T23:56:11.368Z [ERROR] [EventsGateway] Client connected without token {"clientId":"ZE8noOmOdzt0GPeIABKH"}
2026-04-14T23:56:11.381Z [ERROR] [EventsGateway] Client connected without token {"clientId":"YMzWcpZ4djtfjgkcABKJ"}
2026-04-14T23:56:11.395Z [ERROR] [EventsGateway] Client connected without token {"clientId":"j8hlPT9-YRSlbYygABKL"}
2026-04-14T23:56:11.409Z [ERROR] [EventsGateway] Client connected without token {"clientId":"bnccSZp2cio3gbUhABKN"}
2026-04-14T23:56:11.422Z [ERROR] [EventsGateway] Client connected without token {"clientId":"JUrBInJNBehFLrJIABKP"}
2026-04-14T23:56:11.436Z [ERROR] [EventsGateway] Client connected without token {"clientId":"AB_UioyOPIIuW2InABKR"}
2026-04-14T23:56:11.451Z [ERROR] [EventsGateway] Client connected without token {"clientId":"EnX2L1wNQmAVkfZFABKT"}
2026-04-14T23:56:11.464Z [ERROR] [EventsGateway] Client connected without token {"clientId":"unWCZrkGQT_MVIUoABKV"}
2026-04-14T23:56:11.477Z [ERROR] [EventsGateway] Client connected without token {"clientId":"lR0sZVv6q8bhEqxTABKX"}
2026-04-14T23:56:11.491Z [ERROR] [EventsGateway] Client connected without token {"clientId":"wvmehqWF1oermWR2ABKZ"}
2026-04-14T23:56:11.506Z [ERROR] [EventsGateway] Client connected without token {"clientId":"Cq_2ZtP4HJK1pCkYABKb"}
2026-04-14T23:56:11.520Z [ERROR] [EventsGateway] Client connected without token {"clientId":"uIjn-UYhGxEyxcENABKd"}
2026-04-14T23:56:11.535Z [ERROR] [EventsGateway] Client connected without token {"clientId":"Fjz55sgE9AHs2TpxABKf"}
2026-04-14T23:56:11.549Z [ERROR] [EventsGateway] Client connected without token {"clientId":"mPvcpZuwHAgZGY4WABKh"}
2026-04-14T23:56:11.564Z [ERROR] [EventsGateway] Client connected without token {"clientId":"SLU086KLOIDuxqYKABKj"}
2026-04-14T23:56:11.579Z [ERROR] [EventsGateway] Client connected without token {"clientId":"QoH2B37QRMcTmTmoABKl"}
2026-04-14T23:56:11.593Z [ERROR] [EventsGateway] Client connected without token {"clientId":"wi7jpitJeP1ragjIABKn"}
2026-04-14T23:56:11.608Z [ERROR] [EventsGateway] Client connected without token {"clientId":"oKaf5wFNrq5VdzTLABKp"}
2026-04-14T23:56:11.622Z [ERROR] [EventsGateway] Client connected without token {"clientId":"s9sOEIoSUwyHbWY_ABKr"}
2026-04-14T23:56:11.637Z [ERROR] [EventsGateway] Client connected without token {"clientId":"TAk4xssHFF2ktnquABKt"}
2026-04-14T23:56:11.651Z [ERROR] [EventsGateway] Client connected without token {"clientId":"vw3yyTGevmGsS4gPABKv"}
2026-04-14T23:56:11.664Z [ERROR] [EventsGateway] Client connected without token {"clientId":"L0t2YJo65P9blPzUABKx"}
2026-04-14T23:56:11.679Z [ERROR] [EventsGateway] Client connected without token {"clientId":"BYu3zkNc1fntrhU4ABKz"}
2026-04-14T23:56:11.694Z [ERROR] [EventsGateway] Client connected without token {"clientId":"Cvqln5e7TAGmE9SSABK1"}
2026-04-14T23:56:11.706Z [ERROR] [EventsGateway] Client connected without token {"clientId":"bz5NuMP8G7Dn9C4eABK3"}
2026-04-14T23:56:11.719Z [ERROR] [EventsGateway] Client connected without token {"clientId":"QBt5fqzWfqlVsIWTABK5"}
2026-04-14T23:56:11.734Z [ERROR] [EventsGateway] Client connected without token {"clientId":"meT8pPaoPE2SuyNFABK7"}
2026-04-14T23:56:11.749Z [ERROR] [EventsGateway] Client connected without token {"clientId":"9EbjB_vunPH3vaEkABK9"}
2026-04-14T23:56:11.760Z [ERROR] [EventsGateway] Client connected without token {"clientId":"X7PTA0BNkuainTlxABK_"}
2026-04-14T23:56:11.773Z [ERROR] [EventsGateway] Client connected without token {"clientId":"xs12ZYJunaLUKj_YABLB"}
2026-04-14T23:56:11.788Z [ERROR] [EventsGateway] Client connected without token {"clientId":"w4fDpNjj92P-kx8ZABLD"}
2026-04-14T23:56:11.800Z [ERROR] [EventsGateway] Client connected without token {"clientId":"V8x6NTQ9vr0SP6RJABLF"}
2026-04-14T23:56:11.813Z [ERROR] [EventsGateway] Client connected without token {"clientId":"CZlt8LrwCo6RipkkABLH"}
2026-04-14T23:56:11.827Z [ERROR] [EventsGateway] Client connected without token {"clientId":"9gG0Z0jn39KIzrjhABLJ"}
2026-04-14T23:56:11.841Z [ERROR] [EventsGateway] Client connected without token {"clientId":"1bx5Uc_OrFOXumnjABLL"}
2026-04-14T23:56:11.855Z [ERROR] [EventsGateway] Client connected without token {"clientId":"JGrczfZdc5Ew-1-FABLN"}
2026-04-14T23:56:11.870Z [ERROR] [EventsGateway] Client connected without token {"clientId":"0yfTx85gxBXVROOSABLP"}
2026-04-14T23:56:11.883Z [ERROR] [EventsGateway] Client connected without token {"clientId":"ja0pwnbcLUZLM0OEABLR"}
2026-04-14T23:56:11.897Z [ERROR] [EventsGateway] Client connected without token {"clientId":"LZkGa1Wau0kmisC6ABLT"}
2026-04-14T23:56:11.913Z [ERROR] [EventsGateway] Client connected without token {"clientId":"_VH2Glg2LgkHbGPBABLV"}
2026-04-14T23:56:11.928Z [ERROR] [EventsGateway] Client connected without token {"clientId":"ebOBKpPd3B-SHoPiABLX"}
2026-04-14T23:56:11.942Z [ERROR] [EventsGateway] Client connected without token {"clientId":"bYI9to-HZAVHrW0UABLZ"}
2026-04-14T23:56:11.955Z [ERROR] [EventsGateway] Client connected without token {"clientId":"0ToCm4My7VfYJnB-ABLb"}
2026-04-14T23:56:11.971Z [ERROR] [EventsGateway] Client connected without token {"clientId":"wL6c1ht44Xf2CQYVABLd"}
2026-04-14T23:56:11.984Z [ERROR] [EventsGateway] Client connected without token {"clientId":"s6grYB2OVz4ZqF8_ABLf"}
2026-04-14T23:56:11.998Z [ERROR] [EventsGateway] Client connected without token {"clientId":"nVMsCIVBeX8s0pbtABLh"}
2026-04-14T23:56:12.011Z [ERROR] [EventsGateway] Client connected without token {"clientId":"vRBc2z_qGz1FICiKABLj"}
2026-04-14T23:56:12.025Z [ERROR] [EventsGateway] Client connected without token {"clientId":"esfW_G08wO2pXHKQABLl"}
2026-04-14T23:56:12.040Z [ERROR] [EventsGateway] Client connected without token {"clientId":"Q1uQKuoZnRbWPqNFABLn"}
2026-04-14T23:56:12.054Z [ERROR] [EventsGateway] Client connected without token {"clientId":"Fw69hcCdjmgbqEz3ABLp"}
2026-04-14T23:56:12.067Z [ERROR] [EventsGateway] Client connected without token {"clientId":"ZuMjuaHMV6mujYZ1ABLr"}
2026-04-14T23:56:12.081Z [ERROR] [EventsGateway] Client connected without token {"clientId":"fvI9agmafkmwv6a1ABLt"}
2026-04-14T23:56:12.097Z [ERROR] [EventsGateway] Client connected without token {"clientId":"z_R6sMOhyDWX4MxMABLv"}
2026-04-14T23:56:12.111Z [ERROR] [EventsGateway] Client connected without token {"clientId":"IES_0Jd2LWYgP_2IABLx"}
2026-04-14T23:56:12.124Z [ERROR] [EventsGateway] Client connected without token {"clientId":"_zcHSVYugjj_GBjaABLz"}
2026-04-14T23:56:12.139Z [ERROR] [EventsGateway] Client connected without token {"clientId":"TCEwp-68NqmU00PpABL1"}
2026-04-14T23:56:12.153Z [ERROR] [EventsGateway] Client connected without token {"clientId":"lji31R0dA8utTBkZABL3"}
2026-04-14T23:56:12.168Z [ERROR] [EventsGateway] Client connected without token {"clientId":"0AEp_tT1gWdmxr73ABL5"}
2026-04-14T23:56:12.181Z [ERROR] [EventsGateway] Client connected without token {"clientId":"NNr95rTKhgXr7unCABL7"}
2026-04-14T23:56:12.195Z [ERROR] [EventsGateway] Client connected without token {"clientId":"KgK2cZxAugGL5IsUABL9"}
2026-04-14T23:56:12.211Z [ERROR] [EventsGateway] Client connected without token {"clientId":"RLHv6IKxJzJA8XVKABL_"}
2026-04-14T23:56:12.223Z [ERROR] [EventsGateway] Client connected without token {"clientId":"ZB0E4GLRFXu3GKpxABMB"}
2026-04-14T23:56:12.238Z [ERROR] [EventsGateway] Client connected without token {"clientId":"_QPW5w5itkgzX6-wABMD"}
2026-04-14T23:56:12.251Z [ERROR] [EventsGateway] Client connected without token {"clientId":"1VENbUqkcMkiCY26ABMF"}
2026-04-14T23:56:12.264Z [ERROR] [EventsGateway] Client connected without token {"clientId":"Fnr7ZZmPCe_A8XN0ABMH"}
2026-04-14T23:56:12.278Z [ERROR] [EventsGateway] Client connected without token {"clientId":"aW2NsHM8w4wC24ARABMJ"}
2026-04-14T23:56:12.292Z [ERROR] [EventsGateway] Client connected without token {"clientId":"womIEfkQtaDBgD8mABML"}
2026-04-14T23:56:12.305Z [ERROR] [EventsGateway] Client connected without token {"clientId":"bQ7lfQUaOp10ds_5ABMN"}
2026-04-14T23:56:12.318Z [ERROR] [EventsGateway] Client connected without token {"clientId":"nHg4ZoM-YujhmOw5ABMP"}
2026-04-14T23:56:12.334Z [ERROR] [EventsGateway] Client connected without token {"clientId":"ryDTjVhoyy09LzvYABMR"}
2026-04-14T23:56:12.349Z [ERROR] [EventsGateway] Client connected without token {"clientId":"mgVDq1P1FxobMNtSABMT"}
2026-04-14T23:56:12.363Z [ERROR] [EventsGateway] Client connected without token {"clientId":"7t6aB9H3qGonmc4gABMV"}
2026-04-14T23:56:12.375Z [ERROR] [EventsGateway] Client connected without token {"clientId":"lYKOPpp0OCWdN8PjABMX"}
2026-04-14T23:56:12.389Z [ERROR] [EventsGateway] Client connected without token {"clientId":"Kvwddbc2SUj5u1zfABMZ"}
2026-04-14T23:56:12.403Z [ERROR] [EventsGateway] Client connected without token {"clientId":"VLhBlEt7pbb6P8wUABMb"}
2026-04-14T23:56:12.415Z [ERROR] [EventsGateway] Client connected without token {"clientId":"yu9K3jIAzJpJh90lABMd"}
2026-04-14T23:56:12.430Z [ERROR] [EventsGateway] Client connected without token {"clientId":"xgeStMO4m2PziVWbABMf"}
2026-04-14T23:56:12.443Z [ERROR] [EventsGateway] Client connected without token {"clientId":"x_W7u29Nza5LsghNABMh"}
2026-04-14T23:56:12.455Z [ERROR] [EventsGateway] Client connected without token {"clientId":"WgC-VGLec1j_Z9IsABMj"}
2026-04-14T23:56:12.471Z [ERROR] [EventsGateway] Client connected without token {"clientId":"-rkHmpjVON_2Pb1pABMl"}
2026-04-14T23:56:12.485Z [ERROR] [EventsGateway] Client connected without token {"clientId":"dn_oCWP_HdZ1NDm4ABMn"}
2026-04-14T23:56:12.499Z [ERROR] [EventsGateway] Client connected without token {"clientId":"6zF6AvpngKgtGtmNABMp"}
2026-04-14T23:56:12.515Z [ERROR] [EventsGateway] Client connected without token {"clientId":"MHv0XEze6i_-lFG9ABMr"}
2026-04-14T23:56:12.527Z [ERROR] [EventsGateway] Client connected without token {"clientId":"brd3oN53n4tQTkw3ABMt"}
2026-04-14T23:56:12.539Z [ERROR] [EventsGateway] Client connected without token {"clientId":"ygrwc2S75cL5mfxnABMv"}
2026-04-14T23:56:12.555Z [ERROR] [EventsGateway] Client connected without token {"clientId":"1Y9VdzSuDcgn8MRyABMx"}
2026-04-14T23:56:12.566Z [ERROR] [EventsGateway] Client connected without token {"clientId":"tmYBkBxDuAhnjTesABMz"}
2026-04-14T23:56:12.582Z [ERROR] [EventsGateway] Client connected without token {"clientId":"pAOY4hr3KZImJJUcABM1"}
2026-04-14T23:56:12.596Z [ERROR] [EventsGateway] Client connected without token {"clientId":"HxKCA11C1WoD2eHPABM3"}
2026-04-14T23:56:12.611Z [ERROR] [EventsGateway] Client connected without token {"clientId":"9tj0u7XZG4yWciQKABM5"}
2026-04-14T23:56:12.624Z [ERROR] [EventsGateway] Client connected without token {"clientId":"2D1drDld7FF4gY3UABM7"}
2026-04-14T23:56:12.638Z [ERROR] [EventsGateway] Client connected without token {"clientId":"N7W4rxx5yRAFGvEuABM9"}
2026-04-14T23:56:12.650Z [ERROR] [EventsGateway] Client connected without token {"clientId":"fi5kETYGoqJFkp2EABM_"}
2026-04-14T23:56:12.664Z [ERROR] [EventsGateway] Client connected without token {"clientId":"iL7q7i9O0w65X78CABNB"}
2026-04-14T23:56:12.677Z [ERROR] [EventsGateway] Client connected without token {"clientId":"yqOSpDADVX9LqVN_ABND"}
2026-04-14T23:56:12.693Z [ERROR] [EventsGateway] Client connected without token {"clientId":"ZmRNaYtuVdoS5deEABNF"}
2026-04-14T23:56:12.707Z [ERROR] [EventsGateway] Client connected without token {"clientId":"f0S3k4fu9KpAZO4mABNH"}
2026-04-14T23:56:12.722Z [ERROR] [EventsGateway] Client connected without token {"clientId":"VtD9LE8u-TJXMP6eABNJ"}
2026-04-14T23:56:12.735Z [ERROR] [EventsGateway] Client connected without token {"clientId":"wGIM3O_roQS_ei8LABNL"}
2026-04-14T23:56:12.750Z [ERROR] [EventsGateway] Client connected without token {"clientId":"SnqLjr8cJK_rm2BMABNN"}
2026-04-14T23:56:12.765Z [ERROR] [EventsGateway] Client connected without token {"clientId":"FZToeWB8be7cSiO9ABNP"}
2026-04-14T23:56:12.782Z [ERROR] [EventsGateway] Client connected without token {"clientId":"vsGPNRcEAsNFQeB6ABNR"}
2026-04-14T23:56:12.797Z [ERROR] [EventsGateway] Client connected without token {"clientId":"oOwfROw0Bwk4mXfQABNT"}
2026-04-14T23:56:12.812Z [ERROR] [EventsGateway] Client connected without token {"clientId":"NZtZV1zUxN3Oi1BeABNV"}
2026-04-14T23:56:12.826Z [ERROR] [EventsGateway] Client connected without token {"clientId":"h6LheyayPZKEA6H1ABNX"}
2026-04-14T23:56:12.838Z [ERROR] [EventsGateway] Client connected without token {"clientId":"1lUBIYWS6MsCnPvAABNZ"}
2026-04-14T23:56:12.854Z [ERROR] [EventsGateway] Client connected without token {"clientId":"oW6_aVtUqUNhv6z5ABNb"}
2026-04-14T23:56:12.867Z [ERROR] [EventsGateway] Client connected without token {"clientId":"heQHi_OUTEDYSROfABNd"}
2026-04-14T23:56:12.881Z [ERROR] [EventsGateway] Client connected without token {"clientId":"5WI1qG2Nd6rf51wbABNf"}
2026-04-14T23:56:12.896Z [ERROR] [EventsGateway] Client connected without token {"clientId":"vObJ-Ia1lMY-eWKMABNh"}
2026-04-14T23:56:12.909Z [ERROR] [EventsGateway] Client connected without token {"clientId":"kg7LHLPb5NVmdc04ABNj"}
2026-04-14T23:56:12.924Z [ERROR] [EventsGateway] Client connected without token {"clientId":"5LpYcf8hOhPyTgVdABNl"}
2026-04-14T23:56:12.942Z [ERROR] [EventsGateway] Client connected without token {"clientId":"Ddxui17S1NhaRr5zABNn"}
2026-04-14T23:56:12.956Z [ERROR] [EventsGateway] Client connected without token {"clientId":"EvDIv5dePoSepBF6ABNp"}
2026-04-14T23:56:12.969Z [ERROR] [EventsGateway] Client connected without token {"clientId":"Na--Jkk65K_6tzQfABNr"}
2026-04-14T23:56:12.984Z [ERROR] [EventsGateway] Client connected without token {"clientId":"98Qc2jeQfjHIN2V3ABNt"}
2026-04-14T23:56:12.999Z [ERROR] [EventsGateway] Client connected without token {"clientId":"8Zjqqfm4jyhC9klUABNv"}
2026-04-14T23:56:13.015Z [ERROR] [EventsGateway] Client connected without token {"clientId":"S2BVJ-SPh9cywZMlABNx"}
2026-04-14T23:56:13.030Z [ERROR] [EventsGateway] Client connected without token {"clientId":"k9rbPDqLWg9Arv1vABNz"}
2026-04-14T23:56:13.044Z [ERROR] [EventsGateway] Client connected without token {"clientId":"i-WKFA25vr2FWPBbABN1"}
2026-04-14T23:56:13.059Z [ERROR] [EventsGateway] Client connected without token {"clientId":"6Zz-x4OWMlRd-LvkABN3"}
2026-04-14T23:56:13.073Z [ERROR] [EventsGateway] Client connected without token {"clientId":"R55V8uNnYb8yTkDyABN5"}
2026-04-14T23:56:13.085Z [ERROR] [EventsGateway] Client connected without token {"clientId":"hvm8DAX3NHxHsGgkABN7"}
2026-04-14T23:56:13.098Z [ERROR] [EventsGateway] Client connected without token {"clientId":"0ae3dNp2bPO0nTHhABN9"}
2026-04-14T23:56:13.113Z [ERROR] [EventsGateway] Client connected without token {"clientId":"qGkGL7jfKFXW180QABN_"}
2026-04-14T23:56:13.127Z [ERROR] [EventsGateway] Client connected without token {"clientId":"Y4h3KvqZ2q79tO-LABOB"}
2026-04-14T23:56:13.142Z [ERROR] [EventsGateway] Client connected without token {"clientId":"kVOlclxi9w3qLoOPABOD"}
2026-04-14T23:56:13.157Z [ERROR] [EventsGateway] Client connected without token {"clientId":"HaZhtzY7JtfrXDGKABOF"}
2026-04-14T23:56:13.173Z [ERROR] [EventsGateway] Client connected without token {"clientId":"IZAOJozX5UUtwT1FABOH"}
2026-04-14T23:56:13.188Z [ERROR] [EventsGateway] Client connected without token {"clientId":"9XG7ym9V0Op6OyxZABOJ"}
2026-04-14T23:56:13.205Z [ERROR] [EventsGateway] Client connected without token {"clientId":"527dMPu9ITTrlswkABOL"}
2026-04-14T23:56:13.214Z [ERROR] [EventsGateway] Client connected without token {"clientId":"5Lg-ek4o9VkjNDE0ABON"}
2026-04-14T23:56:13.229Z [ERROR] [EventsGateway] Client connected without token {"clientId":"r-viFs_hd8Pkca8-ABOP"}
2026-04-14T23:56:13.244Z [ERROR] [EventsGateway] Client connected without token {"clientId":"DMoPbEb_KbN8LXmNABOR"}
2026-04-14T23:56:13.258Z [ERROR] [EventsGateway] Client connected without token {"clientId":"mEsZwkwpY9wbJZMSABOT"}
2026-04-14T23:56:13.273Z [ERROR] [EventsGateway] Client connected without token {"clientId":"MhpOzWSKr3gk0UKuABOV"}
2026-04-14T23:56:13.289Z [ERROR] [EventsGateway] Client connected without token {"clientId":"Owl2ftEIzOAEn6Z2ABOX"}
2026-04-14T23:56:13.305Z [ERROR] [EventsGateway] Client connected without token {"clientId":"EnZH5Rtq0lJJS3tgABOZ"}
2026-04-14T23:56:13.317Z [ERROR] [EventsGateway] Client connected without token {"clientId":"PwGplDFEvAiQnAmAABOb"}
2026-04-14T23:56:13.333Z [ERROR] [EventsGateway] Client connected without token {"clientId":"y_d2wA72fEffHE4cABOd"}
2026-04-14T23:56:13.347Z [ERROR] [EventsGateway] Client connected without token {"clientId":"57zdo76AEG9uZgdMABOf"}
2026-04-14T23:56:13.362Z [ERROR] [EventsGateway] Client connected without token {"clientId":"8UXN9tasbWZ2UlfvABOh"}
2026-04-14T23:56:13.374Z [ERROR] [EventsGateway] Client connected without token {"clientId":"025oYSmCz2ASEsP4ABOj"}
2026-04-14T23:56:13.389Z [ERROR] [EventsGateway] Client connected without token {"clientId":"GE8BJwIPb6PtPsdXABOl"}
2026-04-14T23:56:13.404Z [ERROR] [EventsGateway] Client connected without token {"clientId":"63sXnPpT6BteA2vGABOn"}
2026-04-14T23:56:13.421Z [ERROR] [EventsGateway] Client connected without token {"clientId":"S3sCvszpRA01a1LiABOp"}
2026-04-14T23:56:13.433Z [ERROR] [EventsGateway] Client connected without token {"clientId":"4oHW2HjichEa-776ABOr"}
2026-04-14T23:56:13.448Z [ERROR] [EventsGateway] Client connected without token {"clientId":"PS84p8tOj4b4UZOWABOt"}
2026-04-14T23:56:13.464Z [ERROR] [EventsGateway] Client connected without token {"clientId":"qBlGyxxumVUfwpdVABOv"}
2026-04-14T23:56:13.480Z [ERROR] [EventsGateway] Client connected without token {"clientId":"cxqYb881AKoONjDsABOx"}
2026-04-14T23:56:13.494Z [ERROR] [EventsGateway] Client connected without token {"clientId":"GtSwR3Bzljj1gEJyABOz"}
2026-04-14T23:56:13.508Z [ERROR] [EventsGateway] Client connected without token {"clientId":"MUSGfxPMq1nrM3T-ABO1"}
2026-04-14T23:56:13.522Z [ERROR] [EventsGateway] Client connected without token {"clientId":"W9lbm8eC3YEF8LnsABO3"}
2026-04-14T23:56:13.537Z [ERROR] [EventsGateway] Client connected without token {"clientId":"n5tmM1bkgv3Jgp6xABO5"}
2026-04-14T23:56:13.552Z [ERROR] [EventsGateway] Client connected without token {"clientId":"ipzxaFeRgVDvEQvbABO7"}
2026-04-14T23:56:13.565Z [ERROR] [EventsGateway] Client connected without token {"clientId":"5tJmpDM4QXJ3tpInABO9"}
2026-04-14T23:56:13.580Z [ERROR] [EventsGateway] Client connected without token {"clientId":"xKyjlb9_pPoZzujyABO_"}
2026-04-14T23:56:13.594Z [ERROR] [EventsGateway] Client connected without token {"clientId":"IQ4buFJor5Nvdkp3ABPB"}
2026-04-14T23:56:13.608Z [ERROR] [EventsGateway] Client connected without token {"clientId":"50qL94dqzKxVvHhNABPD"}
2026-04-14T23:56:13.622Z [ERROR] [EventsGateway] Client connected without token {"clientId":"IoBgfjOXLpclabuhABPF"}
2026-04-14T23:56:13.637Z [ERROR] [EventsGateway] Client connected without token {"clientId":"bTkgOSJgySGMiBGEABPH"}
2026-04-14T23:56:13.652Z [ERROR] [EventsGateway] Client connected without token {"clientId":"YC-Bjb5aAcxlOn5aABPJ"}
2026-04-14T23:56:13.668Z [ERROR] [EventsGateway] Client connected without token {"clientId":"kwXwwksz0LkKirvUABPL"}
2026-04-14T23:56:13.682Z [ERROR] [EventsGateway] Client connected without token {"clientId":"4zPYc0vSxXRWVtYJABPN"}
2026-04-14T23:56:13.697Z [ERROR] [EventsGateway] Client connected without token {"clientId":"6OM3FFyZeW3Dqf9JABPP"}
2026-04-14T23:56:13.713Z [ERROR] [EventsGateway] Client connected without token {"clientId":"51EAIU4Mwll2hhntABPR"}
2026-04-14T23:56:13.724Z [ERROR] [EventsGateway] Client connected without token {"clientId":"JJnKWRnmMquhju_UABPT"}
2026-04-14T23:56:13.739Z [ERROR] [EventsGateway] Client connected without token {"clientId":"tXi0obDNvn5eaEO1ABPV"}
2026-04-14T23:56:13.753Z [ERROR] [EventsGateway] Client connected without token {"clientId":"BtBEohrPlPqCicHIABPX"}
2026-04-14T23:56:13.767Z [ERROR] [EventsGateway] Client connected without token {"clientId":"n8RxZv6Hfak3v5TzABPZ"}
2026-04-14T23:56:13.782Z [ERROR] [EventsGateway] Client connected without token {"clientId":"LQBR-uNeg-moxge-ABPb"}
2026-04-14T23:56:13.797Z [ERROR] [EventsGateway] Client connected without token {"clientId":"qNYZCSrBz1i4vlddABPd"}
2026-04-14T23:56:13.813Z [ERROR] [EventsGateway] Client connected without token {"clientId":"a_3k6Ed6dIJ1Twm0ABPf"}
2026-04-14T23:56:13.830Z [ERROR] [EventsGateway] Client connected without token {"clientId":"nVh--NWlKSS2XfEvABPh"}
2026-04-14T23:56:13.845Z [ERROR] [EventsGateway] Client connected without token {"clientId":"aoGQH5jSWsRaVBKMABPj"}
2026-04-14T23:56:13.858Z [ERROR] [EventsGateway] Client connected without token {"clientId":"R9cDGSOX75idBMMqABPl"}
2026-04-14T23:56:13.873Z [ERROR] [EventsGateway] Client connected without token {"clientId":"_PR81agEilF3jmXaABPn"}
2026-04-14T23:56:13.887Z [ERROR] [EventsGateway] Client connected without token {"clientId":"6vR09WxBnb09kn9xABPp"}
2026-04-14T23:56:13.902Z [ERROR] [EventsGateway] Client connected without token {"clientId":"GQxCLlI6hZp7hLEzABPr"}
2026-04-14T23:56:13.914Z [ERROR] [EventsGateway] Client connected without token {"clientId":"a6_q-tP0R3QJdG9uABPt"}
2026-04-14T23:56:13.929Z [ERROR] [EventsGateway] Client connected without token {"clientId":"xRJqJio6ntgyobzQABPv"}
2026-04-14T23:56:13.944Z [ERROR] [EventsGateway] Client connected without token {"clientId":"gPJ6_73TZUl1JIXhABPx"}
2026-04-14T23:56:13.958Z [ERROR] [EventsGateway] Client connected without token {"clientId":"afcp7R6_jgNJ4ofJABPz"}
2026-04-14T23:56:13.973Z [ERROR] [EventsGateway] Client connected without token {"clientId":"FdyBIEr9TIK06Ls9ABP1"}
2026-04-14T23:56:13.986Z [ERROR] [EventsGateway] Client connected without token {"clientId":"Rn6PDgDYsMdRzjGfABP3"}
2026-04-14T23:56:14.001Z [ERROR] [EventsGateway] Client connected without token {"clientId":"JP6apo0wRRSVrFcGABP5"}
2026-04-14T23:56:14.014Z [ERROR] [EventsGateway] Client connected without token {"clientId":"ic9i8PIhQBtTfyL_ABP7"}
2026-04-14T23:56:14.029Z [ERROR] [EventsGateway] Client connected without token {"clientId":"fTZz4V8uOM6ZHZ2RABP9"}
2026-04-14T23:56:14.042Z [ERROR] [EventsGateway] Client connected without token {"clientId":"kkvbw9ral-yoXo_CABP_"}
